DATE,SPOILGASEP
2013-10-31,10571.38
2013-11-01,10504.57
2013-11-04,10829.78
2013-11-05,10603.73
2013-11-06,10373.9
2013-11-07,10090.45
2013-11-08,10335.69
2013-11-11,10372.67
2013-11-12,10244.15
2013-11-13,10401.81
2013-11-14,10510.53
2013-11-15,10520.45
2013-11-18,10215.69
2013-11-19,10168.14
2013-11-20,10173.15
2013-11-21,10448.89
2013-11-22,10510.25
2013-11-25,10391.57
2013-11-26,10461.13
2013-11-27,10324.5
2013-11-29,10287.72
2013-12-02,10287.95
2013-12-03,10268.29
2013-12-04,10231.94
2013-12-05,10220.19
2013-12-06,10041.53
2013-12-09,10023.49
2013-12-10,10037.76
2013-12-11,9847.35
2013-12-12,9924.22
2013-12-13,9897.39
2013-12-16,9964.22
2013-12-17,9959.06
2013-12-18,10033.13
2013-12-19,10136.55
2013-12-20,10274.32
2013-12-23,10337.27
2013-12-24,10398.39
2013-12-26,10336.83
2013-12-27,10449.52
2013-12-30,10291.73
2013-12-31,10400.37
2014-01-02,10181.6
2014-01-03,10097.03
2014-01-06,10034.56
2014-01-07,10132.7
2014-01-08,10087.97
2014-01-09,10040.36
2014-01-10,10102.92
2014-01-13,9818.3
2014-01-14,10026.6
2014-01-15,10006.81
2014-01-16,10114.39
2014-01-17,10009.18
2014-01-21,10247.81
2014-01-22,10436.39
2014-01-23,10316.21
2014-01-24,10097.02
2014-01-27,9905.86
2014-01-28,10075.58
2014-01-29,10004.39
2014-01-30,10051.88
2014-01-31,9980.19
2014-02-03,9715.28
2014-02-04,9891.0
2014-02-05,9756.87
2014-02-06,9893.25
2014-02-07,9978.63
2014-02-10,9911.41
2014-02-11,10052.88
2014-02-12,10135.75
2014-02-13,10273.0
2014-02-14,10353.08
2014-02-18,10512.56
2014-02-19,10426.58
2014-02-20,10462.16
2014-02-21,10460.93
2014-02-24,10718.48
2014-02-25,10652.01
2014-02-26,10501.71
2014-02-27,10477.74
2014-02-28,10546.38
2014-03-03,10522.77
2014-03-04,10714.01
2014-03-05,10593.55
2014-03-06,10638.98
2014-03-07,10645.81
2014-03-10,10578.73
2014-03-11,10349.68
2014-03-12,10420.76
2014-03-13,10298.23
2014-03-14,10442.06
2014-03-17,10437.93
2014-03-18,10642.61
2014-03-19,10562.01
2014-03-20,10642.23
2014-03-21,10706.13
2014-03-24,10622.42
2014-03-25,10680.18
2014-03-26,10543.97
2014-03-27,10708.9
2014-03-28,10876.54
2014-03-31,10896.2
2014-04-01,10959.69
2014-04-02,11103.18
2014-04-03,11153.94
2014-04-04,11045.15
2014-04-07,10799.94
2014-04-08,11007.62
2014-04-09,11119.36
2014-04-10,10948.95
2014-04-11,10893.25
2014-04-14,11119.69
2014-04-15,11303.56
2014-04-16,11490.43
2014-04-17,11665.25
2014-04-21,11734.63
2014-04-22,11712.55
2014-04-23,11784.77
2014-04-24,11836.22
2014-04-25,11614.06
2014-04-28,11593.14
2014-04-29,11743.43
2014-04-30,11779.21
2014-05-01,11648.86
2014-05-02,11731.83
2014-05-05,11701.06
2014-05-06,11657.28
2014-05-07,11666.74
2014-05-08,11312.94
2014-05-09,11296.31
2014-05-12,11401.04
2014-05-13,11493.35
2014-05-14,11379.3
2014-05-15,11260.33
2014-05-16,11258.45
2014-05-19,11356.11
2014-05-20,11275.0
2014-05-21,11463.33
2014-05-22,11424.31
2014-05-23,11341.11
2014-05-27,11457.84
2014-05-28,11589.46
2014-05-29,11786.53
2014-05-30,11681.19
2014-06-02,11545.29
2014-06-03,11619.86
2014-06-04,11651.49
2014-06-05,11756.83
2014-06-06,11830.19
2014-06-09,11869.52
2014-06-10,11801.73
2014-06-11,11920.33
2014-06-12,12083.76
2014-06-13,12220.8
2014-06-16,12262.96
2014-06-17,12278.54
2014-06-18,12407.39
2014-06-19,12532.36
2014-06-20,12642.07
2014-06-23,12669.7
2014-06-24,12181.52
2014-06-25,12377.36
2014-06-26,12343.48
2014-06-27,12404.75
2014-06-30,12490.67
2014-07-01,12457.1
2014-07-02,12383.59
2014-07-03,12410.72
2014-07-07,12146.03
2014-07-08,12126.21
2014-07-09,12243.93
2014-07-10,12061.94
2014-07-11,11890.25
2014-07-14,12041.03
2014-07-15,11774.35
2014-07-16,11989.28
2014-07-17,11738.85
2014-07-18,11898.91
2014-07-21,11921.92
2014-07-22,12016.69
2014-07-23,12105.57
2014-07-24,12104.53
2014-07-25,11937.52
2014-07-28,11778.94
2014-07-29,11827.46
2014-07-30,11720.98
2014-07-31,11417.2
2014-08-01,11196.83
2014-08-04,11511.07
2014-08-05,11192.95
2014-08-06,11251.8
2014-08-07,11179.1
2014-08-08,11527.96
2014-08-11,11534.46
2014-08-12,11310.11
2014-08-13,11322.25
2014-08-14,11190.6
2014-08-15,11354.94
2014-08-18,11420.22
2014-08-19,11534.41
2014-08-20,11554.45
2014-08-21,11649.32
2014-08-22,11574.32
2014-08-25,11785.01
2014-08-26,11828.4
2014-08-27,11771.39
2014-08-28,11825.88
2014-08-29,11986.89
2014-09-02,11758.12
2014-09-03,11770.17
2014-09-04,11496.16
2014-09-05,11620.94
2014-09-08,11368.37
2014-09-09,11234.41
2014-09-10,11265.19
2014-09-11,11338.99
2014-09-12,11120.61
2014-09-15,11132.37
2014-09-16,11329.15
2014-09-17,11299.76
2014-09-18,11112.18
2014-09-19,10983.31
2014-09-22,10653.15
2014-09-23,10643.46
2014-09-24,10772.9
2014-09-25,10524.12
2014-09-26,10684.82
2014-09-29,10799.87
2014-09-30,10454.42
2014-10-01,10151.45
2014-10-02,10091.83
2014-10-03,9953.71
2014-10-06,9887.37
2014-10-07,9615.69
2014-10-08,9708.71
2014-10-09,9172.67
2014-10-10,8921.31
2014-10-13,8393.98
2014-10-14,8260.54
2014-10-15,8598.79
2014-10-16,9003.1
2014-10-17,8779.78
2014-10-20,8890.91
2014-10-21,9188.66
2014-10-22,8789.83
2014-10-23,9063.78
2014-10-24,8945.65
2014-10-27,8622.96
2014-10-28,9018.37
2014-10-29,9121.74
2014-10-30,8976.66
2014-10-31,9229.98
2014-11-03,9036.41
2014-11-04,8674.7
2014-11-05,8921.9
2014-11-06,8994.18
2014-11-07,9359.84
2014-11-10,9106.78
2014-11-11,9209.87
2014-11-12,9149.42
2014-11-13,8895.9
2014-11-14,9105.0
2014-11-17,8876.29
2014-11-18,8902.36
2014-11-19,8923.62
2014-11-20,9218.22
2014-11-21,9401.58
2014-11-24,9264.61
2014-11-25,9104.07
2014-11-26,8858.11
2014-11-28,7725.44
2014-12-01,7582.49
2014-12-02,7552.81
2014-12-03,7715.47
2014-12-04,7461.98
2014-12-05,7290.95
2014-12-08,6772.58
2014-12-09,7096.21
2014-12-10,6754.12
2014-12-11,6711.37
2014-12-12,6637.95
2014-12-15,6461.58
2014-12-16,6644.63
2014-12-17,7171.54
2014-12-18,7200.48
2014-12-19,7582.56
2014-12-22,7381.96
2014-12-23,7589.04
2014-12-24,7454.92
2014-12-26,7415.56
2014-12-29,7396.2
2014-12-30,7280.89
2014-12-31,7271.25
2015-01-02,7348.94
2015-01-05,6871.42
2015-01-06,6669.14
2015-01-07,6596.13
2015-01-08,6830.38
2015-01-09,6868.7
2015-01-12,6544.28
2015-01-13,6511.2
2015-01-14,6682.61
2015-01-15,6461.29
2015-01-16,6755.53
2015-01-20,6635.6
2015-01-21,6897.41
2015-01-22,6901.9
2015-01-23,6916.33
2015-01-26,7089.78
2015-01-27,7217.44
2015-01-28,6798.86
2015-01-29,6859.67
2015-01-30,7013.59
2015-02-02,7429.0
2015-02-03,7805.23
2015-02-04,7624.94
2015-02-05,7863.3
2015-02-06,7897.78
2015-02-09,7884.61
2015-02-10,7699.4
2015-02-11,7711.03
2015-02-12,7884.92
2015-02-13,8091.94
2015-02-17,8191.33
2015-02-18,8006.93
2015-02-19,8003.38
2015-02-20,7935.51
2015-02-23,7851.69
2015-02-24,7847.54
2015-02-25,7991.23
2015-02-26,7785.85
2015-02-27,7709.05
2015-03-02,7569.5
2015-03-03,7668.95
2015-03-04,7705.39
2015-03-05,7636.78
2015-03-06,7466.36
2015-03-09,7377.45
2015-03-10,7188.36
2015-03-11,7312.37
2015-03-12,7243.65
2015-03-13,7203.46
2015-03-16,7214.25
2015-03-17,7130.8
2015-03-18,7466.37
2015-03-19,7270.27
2015-03-20,7335.93
2015-03-23,7238.18
2015-03-24,7311.04
2015-03-25,7465.83
2015-03-26,7558.59
2015-03-27,7393.67
2015-03-30,7528.62
2015-03-31,7501.35
2015-04-01,7623.81
2015-04-02,7714.72
2015-04-06,7986.68
2015-04-07,8019.32
2015-04-08,7781.85
2015-04-09,7924.08
2015-04-10,7966.1
2015-04-13,7901.28
2015-04-14,8149.42
2015-04-15,8450.52
2015-04-16,8393.68
2015-04-17,8248.67
2015-04-20,8295.91
2015-04-21,8042.54
2015-04-22,8047.35
2015-04-23,8139.71
2015-04-24,8104.31
2015-04-27,8019.48
2015-04-28,8091.83
2015-04-29,8325.11
2015-04-30,8360.38
2015-05-01,8315.96
2015-05-04,8228.69
2015-05-05,8040.4
2015-05-06,7980.65
2015-05-07,7795.58
2015-05-08,7956.07
2015-05-11,7823.78
2015-05-12,7918.1
2015-05-13,7830.23
2015-05-14,7745.18
2015-05-15,7758.24
2015-05-18,7790.58
2015-05-19,7572.51
2015-05-20,7566.96
2015-05-21,7736.35
2015-05-22,7693.98
2015-05-26,7528.26
2015-05-27,7530.23
2015-05-28,7456.19
2015-05-29,7507.06
2015-06-01,7448.26
2015-06-02,7590.59
2015-06-03,7509.02
2015-06-04,7379.31
2015-06-05,7502.97
2015-06-08,7456.32
2015-06-09,7500.79
2015-06-10,7615.5
2015-06-11,7530.21
2015-06-12,7424.68
2015-06-15,7421.57
2015-06-16,7527.51
2015-06-17,7427.92
2015-06-18,7400.02
2015-06-19,7284.65
2015-06-22,7332.68
2015-06-23,7466.29
2015-06-24,7382.46
2015-06-25,7333.65
2015-06-26,7290.87
2015-06-29,7051.82
2015-06-30,7100.87
2015-07-01,6865.98
2015-07-02,6840.01
2015-07-06,6635.5
2015-07-07,6821.16
2015-07-08,6565.7
2015-07-09,6703.74
2015-07-10,6627.1
2015-07-13,6667.96
2015-07-14,6873.14
2015-07-15,6607.11
2015-07-16,6528.54
2015-07-17,6351.32
2015-07-20,6126.18
2015-07-21,6158.32
2015-07-22,6036.94
2015-07-23,6040.52
2015-07-24,5856.85
2015-07-27,5683.14
2015-07-28,5900.61
2015-07-29,6057.43
2015-07-30,5963.56
2015-07-31,5826.33
2015-08-03,5637.82
2015-08-04,5641.05
2015-08-05,5569.8
2015-08-06,5820.18
2015-08-07,5639.93
2015-08-10,6027.59
2015-08-11,6005.05
2015-08-12,6157.43
2015-08-13,5985.08
2015-08-14,5935.61
2015-08-17,5920.69
2015-08-18,5941.52
2015-08-19,5715.9
2015-08-20,5565.55
2015-08-21,5355.58
2015-08-24,5044.36
2015-08-25,4968.2
2015-08-26,5113.96
2015-08-27,5453.82
2015-08-28,5634.21
2015-08-31,5795.13
2015-09-01,5480.48
2015-09-02,5555.78
2015-09-03,5590.64
2015-09-04,5483.56
2015-09-08,5575.94
2015-09-09,5427.92
2015-09-10,5478.23
2015-09-11,5369.32
2015-09-14,5243.36
2015-09-15,5332.65
2015-09-16,5587.37
2015-09-17,5558.83
2015-09-18,5345.35
2015-09-21,5352.97
2015-09-22,5274.63
2015-09-23,5120.38
2015-09-24,5157.43
2015-09-25,5092.35
2015-09-28,4827.64
2015-09-29,4867.11
2015-09-30,5001.12
2015-10-01,5070.22
2015-10-02,5367.75
2015-10-05,5642.66
2015-10-06,5930.74
2015-10-07,5955.03
2015-10-08,6176.76
2015-10-09,6077.89
2015-10-12,5866.46
2015-10-13,5744.84
2015-10-14,5809.26
2015-10-15,5971.69
2015-10-16,5996.31
2015-10-19,5774.07
2015-10-20,5821.94
2015-10-21,5625.74
2015-10-22,5657.21
2015-10-23,5642.02
2015-10-26,5483.56
2015-10-27,5324.71
2015-10-28,5518.23
2015-10-29,5567.46
2015-10-30,5645.12
2015-11-02,5781.07
2015-11-03,5983.06
2015-11-04,5939.25
2015-11-05,5962.83
2015-11-06,5929.11
2015-11-09,5951.9
2015-11-10,5968.28
2015-11-11,5706.21
2015-11-12,5526.66
2015-11-13,5572.0
2015-11-16,5798.55
2015-11-17,5690.59
2015-11-18,5802.68
2015-11-19,5650.21
2015-11-20,5525.44
2015-11-23,5570.1
2015-11-24,5774.87
2015-11-25,5744.15
2015-11-27,5612.21
2015-11-30,5642.87
2015-12-01,5683.01
2015-12-02,5438.46
2015-12-03,5366.61
2015-12-04,5225.02
2015-12-07,4865.48
2015-12-08,4890.98
2015-12-09,4929.43
2015-12-10,5023.11
2015-12-11,4774.82
2015-12-14,4662.71
2015-12-15,4754.45
2015-12-16,4645.7
2015-12-17,4487.03
2015-12-18,4409.44
2015-12-21,4356.18
2015-12-22,4412.37
2015-12-23,4758.12
2015-12-24,4725.34
2015-12-28,4551.02
2015-12-29,4624.66
2015-12-30,4492.02
2015-12-31,4601.66
2016-01-04,4628.96
2016-01-05,4616.56
2016-01-06,4285.56
2016-01-07,4188.32
2016-01-08,4207.62
2016-01-11,4035.54
2016-01-12,3972.91
2016-01-13,3837.81
2016-01-14,3974.68
2016-01-15,3830.95
2016-01-19,3633.67
2016-01-20,3617.61
2016-01-21,3865.98
2016-01-22,4028.31
2016-01-25,3739.1
2016-01-26,3975.88
2016-01-27,4001.47
2016-01-28,4139.38
2016-01-29,4339.91
2016-02-01,4188.34
2016-02-02,4010.01
2016-02-03,4193.21
2016-02-04,4157.95
2016-02-05,3993.84
2016-02-08,3896.65
2016-02-09,3742.43
2016-02-10,3706.09
2016-02-11,3634.57
2016-02-12,3724.02
2016-02-16,3671.77
2016-02-17,3843.96
2016-02-18,3689.06
2016-02-19,3620.68
2016-02-22,3796.29
2016-02-23,3582.7
2016-02-24,3659.84
2016-02-25,3665.88
2016-02-26,3756.14
2016-02-29,3737.8
2016-03-01,3823.94
2016-03-02,4036.1
2016-03-03,4232.49
2016-03-04,4394.86
2016-03-07,4565.47
2016-03-08,4190.53
2016-03-09,4345.2
2016-03-10,4325.74
2016-03-11,4522.92
2016-03-14,4446.44
2016-03-15,4446.07
2016-03-16,4620.68
2016-03-17,4703.7
2016-03-18,4700.0
2016-03-21,4694.25
2016-03-22,4704.43
2016-03-23,4474.5
2016-03-24,4535.26
2016-03-28,4492.37
2016-03-29,4554.99
2016-03-30,4548.19
2016-03-31,4622.51
2016-04-01,4542.81
2016-04-04,4489.14
2016-04-05,4451.01
2016-04-06,4603.61
2016-04-07,4605.54
2016-04-08,4779.21
2016-04-11,4778.25
2016-04-12,5094.97
2016-04-13,5041.07
2016-04-14,5044.04
2016-04-15,4966.81
2016-04-18,5059.91
2016-04-19,5184.52
2016-04-20,5254.39
2016-04-21,5199.37
2016-04-22,5384.29
2016-04-25,5302.47
2016-04-26,5465.31
2016-04-27,5629.62
2016-04-28,5456.71
2016-04-29,5437.86
2016-05-02,5397.39
2016-05-03,5148.33
2016-05-04,5025.96
2016-05-05,5137.44
2016-05-06,5072.64
2016-05-09,4962.04
2016-05-10,5159.07
2016-05-11,5207.76
2016-05-12,5192.22
2016-05-13,5107.61
2016-05-16,5217.78
2016-05-17,5292.34
2016-05-18,5217.62
2016-05-19,5191.5
2016-05-20,5235.66
2016-05-23,5226.2
2016-05-24,5259.55
2016-05-25,5421.2
2016-05-26,5383.41
2016-05-27,5358.58
2016-05-31,5394.9
2016-06-01,5457.08
2016-06-02,5474.53
2016-06-03,5405.05
2016-06-06,5556.41
2016-06-07,5704.19
2016-06-08,5650.75
2016-06-09,5620.72
2016-06-10,5346.92
2016-06-13,5308.31
2016-06-14,5320.67
2016-06-15,5322.51
2016-06-16,5185.33
2016-06-17,5335.55
2016-06-20,5434.73
2016-06-21,5520.99
2016-06-22,5466.45
2016-06-23,5567.64
2016-06-24,5271.64
2016-06-27,4992.9
2016-06-28,5234.26
2016-06-29,5345.97
2016-06-30,5297.27
2016-07-01,5402.47
2016-07-05,5187.96
2016-07-06,5223.3
2016-07-07,5125.6
2016-07-08,5228.41
2016-07-11,5207.62
2016-07-12,5461.77
2016-07-13,5344.66
2016-07-14,5335.33
2016-07-15,5304.36
2016-07-18,5331.95
2016-07-19,5275.75
2016-07-20,5279.58
2016-07-21,5189.16
2016-07-22,5198.73
2016-07-25,5065.13
2016-07-26,5164.92
2016-07-27,5052.78
2016-07-28,5078.45
2016-07-29,5212.03
2016-08-01,4992.03
2016-08-02,5023.74
2016-08-03,5223.01
2016-08-04,5252.89
2016-08-05,5329.57
2016-08-08,5442.08
2016-08-09,5373.67
2016-08-10,5302.25
2016-08-11,5442.98
2016-08-12,5484.92
2016-08-15,5596.23
2016-08-16,5594.43
2016-08-17,5598.87
2016-08-18,5760.41
2016-08-19,5716.38
2016-08-22,5605.97
2016-08-23,5696.82
2016-08-24,5640.51
2016-08-25,5642.56
2016-08-26,5660.43
2016-08-29,5710.27
2016-08-30,5701.24
2016-08-31,5588.05
2016-09-01,5568.25
2016-09-02,5676.33
2016-09-06,5750.03
2016-09-07,5792.32
2016-09-08,5944.59
2016-09-09,5744.7
2016-09-12,5812.83
2016-09-13,5564.89
2016-09-14,5427.66
2016-09-15,5509.38
2016-09-16,5497.69
2016-09-19,5492.98
2016-09-20,5410.72
2016-09-21,5605.39
2016-09-22,5659.9
2016-09-23,5500.85
2016-09-26,5490.43
2016-09-27,5364.45
2016-09-28,5702.87
2016-09-29,5751.39
2016-09-30,5854.8
2016-10-03,5868.42
2016-10-04,5796.54
2016-10-05,5939.6
2016-10-06,5920.6
2016-10-07,5834.65
2016-10-10,5960.33
2016-10-11,5880.05
2016-10-12,5825.38
2016-10-13,5793.91
2016-10-14,5732.43
2016-10-17,5688.23
2016-10-18,5692.92
2016-10-19,5789.7
2016-10-20,5800.15
2016-10-21,5772.62
2016-10-24,5700.87
2016-10-25,5593.2
2016-10-26,5594.65
2016-10-27,5600.38
2016-10-28,5506.54
2016-10-31,5386.93
2016-11-01,5390.95
2016-11-02,5295.62
2016-11-03,5335.21
2016-11-04,5289.72
2016-11-07,5415.66
2016-11-08,5396.7
2016-11-09,5638.6
2016-11-10,5628.67
2016-11-11,5552.07
2016-11-14,5622.26
2016-11-15,5851.88
2016-11-16,5800.24
2016-11-17,5795.34
2016-11-18,5824.96
2016-11-21,6074.8
2016-11-22,6062.12
2016-11-23,6110.02
2016-11-25,6027.24
2016-11-28,5824.39
2016-11-29,5713.17
2016-11-30,6365.37
2016-12-01,6391.08
2016-12-02,6382.23
2016-12-05,6453.11
2016-12-06,6486.75
2016-12-07,6515.72
2016-12-08,6587.06
2016-12-09,6563.95
2016-12-12,6512.5
2016-12-13,6598.12
2016-12-14,6349.04
2016-12-15,6378.19
2016-12-16,6388.37
2016-12-19,6426.04
2016-12-20,6396.42
2016-12-21,6385.01
2016-12-22,6421.31
2016-12-23,6426.09
2016-12-27,6466.52
2016-12-28,6385.25
2016-12-29,6342.1
2016-12-30,6308.6
2017-01-03,6394.96
2017-01-04,6427.97
2017-01-05,6408.92
2017-01-06,6357.41
2017-01-09,6183.21
2017-01-10,6182.83
2017-01-11,6244.34
2017-01-12,6200.97
2017-01-13,6164.49
2017-01-17,6258.11
2017-01-18,6249.77
2017-01-19,6228.13
2017-01-20,6255.73
2017-01-23,6193.1
2017-01-24,6293.43
2017-01-25,6338.13
2017-01-26,6361.57
2017-01-27,6292.04
2017-01-30,6112.45
2017-01-31,6099.09
2017-02-01,6054.49
2017-02-02,6104.16
2017-02-03,6193.91
2017-02-06,6102.9
2017-02-07,5955.46
2017-02-08,5965.16
2017-02-09,6079.81
2017-02-10,6143.97
2017-02-13,6090.3
2017-02-14,6146.18
2017-02-15,6114.45
2017-02-16,6005.98
2017-02-17,5978.95
2017-02-21,6052.94
2017-02-22,5877.09
2017-02-23,5873.34
2017-02-24,5760.2
2017-02-27,5804.13
2017-02-28,5753.7
2017-03-01,5912.58
2017-03-02,5768.28
2017-03-03,5747.29
2017-03-06,5788.65
2017-03-07,5708.0
2017-03-08,5464.13
2017-03-09,5505.87
2017-03-10,5482.76
2017-03-13,5524.55
2017-03-14,5447.84
2017-03-15,5614.95
2017-03-16,5559.58
2017-03-17,5550.57
2017-03-20,5555.58
2017-03-21,5428.94
2017-03-22,5379.58
2017-03-23,5358.67
2017-03-24,5356.75
2017-03-27,5388.1
2017-03-28,5529.22
2017-03-29,5677.54
2017-03-30,5629.56
2017-03-31,5700.61
2017-04-03,5671.73
2017-04-04,5759.93
2017-04-05,5624.44
2017-04-06,5705.08
2017-04-07,5666.01
2017-04-10,5760.43
2017-04-11,5765.64
2017-04-12,5666.9
2017-04-13,5530.84
2017-04-17,5555.95
2017-04-18,5472.56
2017-04-19,5323.71
2017-04-20,5331.26
2017-04-21,5349.64
2017-04-24,5384.15
2017-04-25,5493.81
2017-04-26,5466.47
2017-04-27,5366.84
2017-04-28,5326.63
2017-05-01,5318.8
2017-05-02,5284.13
2017-05-03,5286.13
2017-05-04,5102.82
2017-05-05,5302.52
2017-05-08,5376.21
2017-05-09,5307.75
2017-05-10,5425.29
2017-05-11,5390.89
2017-05-12,5368.58
2017-05-15,5401.57
2017-05-16,5351.72
2017-05-17,5276.11
2017-05-18,5264.11
2017-05-19,5396.5
2017-05-22,5353.08
2017-05-23,5348.49
2017-05-24,5286.07
2017-05-25,5141.79
2017-05-26,5160.28
2017-05-30,5012.89
2017-05-31,4951.89
2017-06-01,5012.15
2017-06-02,4910.09
2017-06-05,4894.81
2017-06-06,5024.51
2017-06-07,4811.11
2017-06-08,4774.01
2017-06-09,4957.61
2017-06-12,4986.23
2017-06-13,5115.21
2017-06-14,4889.63
2017-06-15,4768.49
2017-06-16,4816.61
2017-06-19,4807.81
2017-06-20,4746.34
2017-06-21,4590.23
2017-06-22,4603.03
2017-06-23,4718.81
2017-06-26,4736.23
2017-06-27,4737.44
2017-06-28,4768.95
2017-06-29,4830.31
2017-06-30,4857.15
2017-07-03,4974.6
2017-07-05,4795.61
2017-07-06,4687.09
2017-07-07,4667.32
2017-07-10,4743.47
2017-07-11,4779.27
2017-07-12,4781.3
2017-07-13,4819.64
2017-07-14,4858.48
2017-07-17,4855.33
2017-07-18,4800.26
2017-07-19,4970.93
2017-07-20,4875.72
2017-07-21,4818.42
2017-07-24,4813.07
2017-07-25,4964.23
2017-07-26,4957.28
2017-07-27,5007.55
2017-07-28,4996.85
2017-07-31,4951.67
2017-08-01,4911.08
2017-08-02,4825.43
2017-08-03,4649.12
2017-08-04,4762.33
2017-08-07,4678.7
2017-08-08,4671.74
2017-08-09,4691.31
2017-08-10,4623.64
2017-08-11,4629.34
2017-08-14,4574.82
2017-08-15,4556.54
2017-08-16,4491.86
2017-08-17,4423.54
2017-08-18,4478.29
2017-08-21,4419.01
2017-08-22,4457.76
2017-08-23,4505.49
2017-08-24,4514.62
2017-08-25,4520.24
2017-08-28,4491.18
2017-08-29,4486.87
2017-08-30,4503.1
2017-08-31,4584.18
2017-09-01,4652.0
2017-09-05,4622.65
2017-09-06,4702.93
2017-09-07,4670.63
2017-09-08,4537.49
2017-09-11,4583.91
2017-09-12,4682.68
2017-09-13,4813.28
2017-09-14,4835.77
2017-09-15,4843.15
2017-09-18,4889.7
2017-09-19,4900.33
2017-09-20,5004.48
2017-09-21,5008.9
2017-09-22,5029.63
2017-09-25,5172.72
2017-09-26,5191.98
2017-09-27,5230.58
2017-09-28,5204.87
2017-09-29,5191.83
2017-10-02,5218.46
2017-10-03,5217.86
2017-10-04,5187.01
2017-10-05,5226.7
2017-10-06,5112.81
2017-10-09,5129.4
2017-10-10,5119.21
2017-10-11,5152.08
2017-10-12,5112.58
2017-10-13,5110.84
2017-10-16,5116.33
2017-10-17,5124.85
2017-10-18,5083.22
2017-10-19,5042.74
2017-10-20,5067.81
2017-10-23,4948.03
2017-10-24,4948.81
2017-10-25,4904.41
2017-10-26,4933.08
2017-10-27,5083.84
2017-10-30,5136.23
2017-10-31,5217.18
2017-11-01,5367.76
2017-11-02,5307.58
2017-11-03,5383.16
2017-11-06,5605.46
2017-11-07,5576.88
2017-11-08,5493.39
2017-11-09,5572.95
2017-11-10,5551.62
2017-11-13,5460.83
2017-11-14,5269.53
2017-11-15,5202.03
2017-11-16,5215.13
2017-11-17,5320.12
2017-11-20,5256.24
2017-11-21,5275.16
2017-11-22,5360.0
2017-11-24,5371.17
2017-11-27,5240.45
2017-11-28,5279.23
2017-11-29,5300.8
2017-11-30,5429.24
2017-12-01,5536.26
2017-12-04,5464.63
2017-12-05,5418.18
2017-12-06,5253.53
2017-12-07,5292.84
2017-12-08,5362.97
2017-12-11,5430.85
2017-12-12,5347.3
2017-12-13,5295.21
2017-12-14,5240.55
2017-12-15,5193.2
2017-12-18,5293.87
2017-12-19,5302.29
2017-12-20,5430.59
2017-12-21,5580.13
2017-12-22,5607.54
2017-12-26,5731.78
2017-12-27,5683.75
2017-12-28,5730.74
2017-12-29,5673.53
2018-01-02,5819.14
2018-01-03,5876.5
2018-01-04,5907.21
2018-01-05,5869.8
2018-01-08,5903.12
2018-01-09,5893.46
2018-01-10,5864.37
2018-01-11,6002.52
2018-01-12,6048.45
2018-01-16,5938.16
2018-01-17,5990.84
2018-01-18,5917.59
2018-01-19,5896.72
2018-01-22,6044.32
2018-01-23,6069.65
2018-01-24,6044.55
2018-01-25,5924.08
2018-01-26,5946.26
2018-01-29,5833.49
2018-01-30,5627.27
2018-01-31,5616.47
2018-02-01,5643.78
2018-02-02,5406.38
2018-02-05,5228.85
2018-02-06,5304.06
2018-02-07,5130.71
2018-02-08,4919.7
2018-02-09,4929.46
2018-02-12,5059.51
2018-02-13,4989.01
2018-02-14,5177.21
2018-02-15,5185.41
2018-02-16,5160.59
2018-02-20,5142.87
2018-02-21,5020.33
2018-02-22,5134.73
2018-02-23,5269.21
2018-02-26,5291.82
2018-02-27,5162.55
2018-02-28,5026.87
2018-03-01,5079.59
2018-03-02,5190.16
2018-03-05,5287.71
2018-03-06,5236.49
2018-03-07,5182.98
2018-03-08,5175.23
2018-03-09,5288.59
2018-03-12,5293.84
2018-03-13,5266.7
2018-03-14,5247.3
2018-03-15,5176.13
2018-03-16,5244.49
2018-03-19,5110.0
2018-03-20,5189.02
2018-03-21,5403.62
2018-03-22,5287.4
2018-03-23,5277.65
2018-03-26,5381.16
2018-03-27,5249.44
2018-03-28,5216.94
2018-03-29,5365.69
2018-04-02,5180.15
2018-04-03,5273.68
2018-04-04,5272.54
2018-04-05,5428.82
2018-04-06,5276.36
2018-04-09,5283.79
2018-04-10,5509.05
2018-04-11,5612.41
2018-04-12,5597.79
2018-04-13,5694.15
2018-04-16,5734.02
2018-04-17,5773.2
2018-04-18,5950.12
2018-04-19,5937.12
2018-04-20,5914.83
2018-04-23,5958.88
2018-04-24,5883.64
2018-04-25,5961.7
2018-04-26,6036.75
2018-04-27,5930.03
2018-04-30,5993.56
2018-05-01,5969.22
2018-05-02,6026.2
2018-05-03,5921.52
2018-05-04,6029.82
2018-05-07,6073.89
2018-05-08,6193.18
2018-05-09,6309.51
2018-05-10,6334.9
2018-05-11,6277.88
2018-05-14,6360.3
2018-05-15,6383.41
2018-05-16,6428.0
2018-05-17,6624.06
2018-05-18,6560.67
2018-05-21,6712.53
2018-05-22,6548.42
2018-05-23,6509.81
2018-05-24,6423.38
2018-05-25,6214.75
2018-05-29,6240.43
2018-05-30,6479.92
2018-05-31,6420.2
2018-06-01,6418.33
2018-06-04,6264.02
2018-06-05,6247.88
2018-06-06,6254.45
2018-06-07,6425.78
2018-06-08,6392.2
2018-06-11,6435.1
2018-06-12,6409.01
2018-06-13,6405.85
2018-06-14,6330.96
2018-06-15,6149.04
2018-06-18,6294.29
2018-06-19,6347.71
2018-06-20,6454.07
2018-06-21,6277.61
2018-06-22,6485.43
2018-06-25,6314.76
2018-06-26,6468.86
2018-06-27,6557.6
2018-06-28,6535.49
2018-06-29,6555.08
2018-07-02,6427.44
2018-07-03,6503.98
2018-07-05,6495.03
2018-07-06,6616.02
2018-07-09,6786.52
2018-07-10,6772.51
2018-07-11,6587.47
2018-07-12,6568.72
2018-07-13,6578.84
2018-07-16,6442.64
2018-07-17,6445.49
2018-07-18,6465.07
2018-07-19,6505.86
2018-07-20,6463.51
2018-07-23,6443.77
2018-07-24,6497.81
2018-07-25,6546.81
2018-07-26,6565.73
2018-07-27,6429.87
2018-07-30,6549.94
2018-07-31,6547.36
2018-08-01,6442.82
2018-08-02,6468.86
2018-08-03,6390.58
2018-08-06,6441.37
2018-08-07,6445.98
2018-08-08,6344.67
2018-08-09,6293.49
2018-08-10,6348.9
2018-08-13,6189.28
2018-08-14,6247.14
2018-08-15,5956.74
2018-08-16,6011.16
2018-08-17,6046.25
2018-08-20,6102.5
2018-08-21,6224.3
2018-08-22,6340.07
2018-08-23,6321.17
2018-08-24,6390.81
2018-08-27,6414.58
2018-08-28,6360.29
2018-08-29,6448.54
2018-08-30,6478.05
2018-08-31,6440.72
2018-09-04,6366.58
2018-09-05,6323.77
2018-09-06,6128.84
2018-09-07,6076.79
2018-09-10,6088.5
2018-09-11,6208.23
2018-09-12,6290.8
2018-09-13,6254.96
2018-09-14,6279.87
2018-09-17,6268.0
2018-09-18,6359.21
2018-09-19,6428.72
2018-09-20,6406.22
2018-09-21,6465.32
2018-09-24,6612.21
2018-09-25,6640.85
2018-09-26,6517.62
2018-09-27,6574.01
2018-09-28,6594.23
2018-10-01,6658.47
2018-10-02,6623.8
2018-10-03,6794.64
2018-10-04,6670.62
2018-10-05,6645.26
2018-10-08,6610.44
2018-10-09,6696.16
2018-10-10,6379.69
2018-10-11,6190.82
2018-10-12,6271.99
2018-10-15,6287.28
2018-10-16,6384.55
2018-10-17,6258.65
2018-10-18,6166.75
2018-10-19,6091.49
2018-10-22,5998.08
2018-10-23,5790.99
2018-10-24,5442.99
2018-10-25,5542.51
2018-10-26,5465.66
2018-10-29,5267.91
2018-10-30,5397.6
2018-10-31,5500.83
2018-11-01,5606.23
2018-11-02,5505.0
2018-11-05,5670.11
2018-11-06,5614.91
2018-11-07,5762.59
2018-11-08,5544.39
2018-11-09,5548.04
2018-11-12,5345.21
2018-11-13,5213.1
2018-11-14,5215.59
2018-11-15,5296.25
2018-11-16,5290.77
2018-11-19,5252.18
2018-11-20,5000.74
2018-11-21,5130.27
2018-11-23,4939.38
2018-11-26,5026.28
2018-11-27,4951.4
2018-11-28,5025.9
2018-11-29,5057.13
2018-11-30,4982.33
2018-12-03,5156.58
2018-12-04,4971.61
2018-12-06,4818.17
2018-12-07,4798.3
2018-12-10,4638.71
2018-12-11,4628.95
2018-12-12,4657.71
2018-12-13,4631.38
2018-12-14,4418.27
2018-12-17,4291.46
2018-12-18,4171.51
2018-12-19,4102.57
2018-12-20,3955.1
2018-12-21,3862.17
2018-12-24,3674.96
2018-12-26,4060.77
2018-12-27,4092.13
2018-12-28,4020.02
2018-12-31,4044.06
2019-01-02,4161.33
2019-01-03,4133.17
2019-01-04,4361.35
2019-01-07,4512.57
2019-01-08,4555.06
2019-01-09,4667.51
2019-01-10,4686.67
2019-01-11,4630.5
2019-01-14,4639.17
2019-01-15,4692.14
2019-01-16,4696.61
2019-01-17,4724.46
2019-01-18,4816.11
2019-01-22,4616.91
2019-01-23,4538.31
2019-01-24,4568.91
2019-01-25,4655.46
2019-01-28,4573.0
2019-01-29,4592.37
2019-01-30,4726.1
2019-01-31,4653.89
2019-02-01,4680.76
2019-02-04,4706.74
2019-02-05,4638.19
2019-02-06,4587.66
2019-02-07,4386.89
2019-02-08,4319.24
2019-02-11,4392.32
2019-02-12,4443.99
2019-02-13,4543.34
2019-02-14,4600.0
2019-02-15,4721.63
2019-02-19,4698.3
2019-02-20,4752.8
2019-02-21,4619.16
2019-02-22,4661.69
2019-02-25,4655.68
2019-02-26,4580.57
2019-02-27,4592.09
2019-02-28,4529.2
2019-03-01,4629.62
2019-03-04,4659.12
2019-03-05,4612.42
2019-03-06,4482.36
2019-03-07,4424.1
2019-03-08,4263.16
2019-03-11,4360.31
2019-03-12,4468.77
2019-03-13,4561.15
2019-03-14,4573.85
2019-03-15,4536.07
2019-03-18,4649.2
2019-03-19,4599.04
2019-03-20,4731.65
2019-03-21,4796.96
2019-03-22,4578.74
2019-03-25,4581.04
2019-03-26,4679.28
2019-03-27,4665.55
2019-03-28,4697.86
2019-03-29,4681.27
2019-04-01,4749.71
2019-04-02,4699.52
2019-04-03,4593.45
2019-04-04,4682.39
2019-04-05,4849.13
2019-04-08,4878.99
2019-04-09,4780.84
2019-04-10,4852.64
2019-04-11,4785.17
2019-04-12,4946.69
2019-04-15,4883.31
2019-04-16,4914.72
2019-04-17,4899.45
2019-04-18,4845.7
2019-04-22,5022.94
2019-04-23,5013.22
2019-04-24,4917.14
2019-04-25,4839.26
2019-04-26,4768.21
2019-04-29,4757.06
2019-04-30,4710.89
2019-05-01,4558.44
2019-05-02,4424.65
2019-05-03,4522.77
2019-05-06,4557.63
2019-05-07,4493.31
2019-05-08,4533.89
2019-05-09,4524.94
2019-05-10,4533.57
2019-05-13,4384.95
2019-05-14,4496.01
2019-05-15,4542.56
2019-05-16,4594.06
2019-05-17,4476.55
2019-05-20,4441.12
2019-05-21,4550.94
2019-05-22,4358.18
2019-05-23,4114.59
2019-05-24,4117.93
2019-05-28,4067.57
2019-05-29,4087.34
2019-05-30,3969.42
2019-05-31,3893.64
2019-06-03,3933.95
2019-06-04,4036.98
2019-06-05,3881.37
2019-06-06,3918.88
2019-06-07,3927.32
2019-06-10,3900.69
2019-06-11,3913.74
2019-06-12,3772.66
2019-06-13,3872.19
2019-06-14,3787.15
2019-06-17,3858.82
2019-06-18,3961.61
2019-06-19,3930.93
2019-06-20,4071.49
2019-06-21,4068.89
2019-06-24,4007.67
2019-06-25,3967.27
2019-06-26,4098.6
2019-06-27,4076.87
2019-06-28,4150.97
2019-07-01,4150.9
2019-07-02,3989.33
2019-07-03,3988.57
2019-07-05,4034.63
2019-07-08,3983.56
2019-07-09,3995.86
2019-07-10,4095.04
2019-07-11,4035.55
2019-07-12,4065.69
2019-07-15,3946.18
2019-07-16,3881.81
2019-07-17,3752.54
2019-07-18,3732.49
2019-07-19,3772.74
2019-07-22,3781.61
2019-07-23,3828.44
2019-07-24,3846.53
2019-07-25,3722.78
2019-07-26,3681.08
2019-07-29,3618.25
2019-07-30,3813.91
2019-07-31,3818.8
2019-08-01,3580.42
2019-08-02,3541.65
2019-08-05,3385.05
2019-08-06,3343.17
2019-08-07,3330.6
2019-08-08,3432.29
2019-08-09,3392.94
2019-08-12,3338.23
2019-08-13,3367.86
2019-08-14,3184.62
2019-08-15,3163.87
2019-08-16,3272.63
2019-08-19,3398.28
2019-08-20,3360.63
2019-08-21,3383.03
2019-08-22,3330.36
2019-08-23,3161.99
2019-08-26,3175.91
2019-08-27,3135.11
2019-08-28,3237.58
2019-08-29,3343.41
2019-08-30,3276.19
2019-09-03,3217.7
2019-09-04,3306.45
2019-09-05,3393.78
2019-09-06,3371.04
2019-09-09,3570.51
2019-09-10,3599.72
2019-09-11,3609.28
2019-09-12,3526.68
2019-09-13,3562.43
2019-09-16,3946.75
2019-09-17,3727.79
2019-09-18,3671.97
2019-09-19,3599.99
2019-09-20,3614.35
2019-09-23,3613.85
2019-09-24,3507.43
2019-09-25,3515.01
2019-09-26,3441.29
2019-09-27,3427.03
2019-09-30,3402.04
2019-10-01,3276.96
2019-10-02,3184.06
2019-10-03,3236.32
2019-10-04,3234.26
2019-10-07,3192.12
2019-10-08,3106.06
2019-10-09,3130.95
2019-10-10,3171.32
2019-10-11,3248.77
2019-10-14,3190.75
2019-10-15,3206.89
2019-10-16,3171.3
2019-10-17,3197.17
2019-10-18,3117.7
2019-10-21,3155.09
2019-10-22,3210.93
2019-10-23,3277.11
2019-10-24,3263.95
2019-10-25,3333.91
2019-10-28,3301.1
2019-10-29,3362.81
2019-10-30,3228.43
2019-10-31,3214.92
2019-11-01,3339.84
2019-11-04,3493.75
2019-11-05,3487.17
2019-11-06,3378.83
2019-11-07,3452.67
2019-11-08,3472.19
2019-11-11,3395.86
2019-11-12,3383.16
2019-11-13,3324.38
2019-11-14,3295.37
2019-11-15,3339.22
2019-11-18,3228.68
2019-11-19,3122.13
2019-11-20,3144.73
2019-11-21,3188.53
2019-11-22,3191.23
2019-11-25,3219.53
2019-11-26,3141.14
2019-11-27,3172.37
2019-11-29,3086.53
2019-12-02,3087.74
2019-12-03,3043.05
2019-12-04,3141.19
2019-12-05,3111.56
2019-12-06,3225.49
2019-12-09,3245.72
2019-12-10,3268.83
2019-12-11,3248.68
2019-12-12,3375.83
2019-12-13,3297.79
2019-12-16,3395.86
2019-12-17,3483.93
2019-12-18,3508.98
2019-12-19,3548.46
2019-12-20,3534.99
2019-12-23,3613.42
2019-12-24,3610.09
2019-12-26,3621.77
2019-12-27,3557.84
2019-12-30,3556.58
2019-12-31,3617.38
2020-01-02,3600.68
2020-01-03,3658.9
2020-01-06,3694.79
2020-01-07,3729.54
2020-01-08,3583.77
2020-01-09,3573.23
2020-01-10,3534.08
2020-01-13,3484.2
2020-01-14,3521.96
2020-01-15,3481.46
2020-01-16,3467.39
2020-01-17,3407.19
2020-01-21,3292.05
2020-01-22,3217.79
2020-01-23,3169.8
2020-01-24,3107.03
2020-01-27,2994.91
2020-01-28,3044.06
2020-01-29,2977.34
2020-01-30,2986.15
2020-01-31,2915.17
2020-02-03,2866.91
2020-02-04,2876.83
2020-02-05,3038.24
2020-02-06,2977.35
2020-02-07,2923.69
2020-02-10,2849.42
2020-02-11,2865.33
2020-02-12,2898.79
2020-02-13,2885.99
2020-02-14,2851.14
2020-02-18,2827.22
2020-02-19,2910.37
2020-02-20,2917.29
2020-02-21,2855.01
2020-02-24,2677.19
2020-02-25,2535.26
2020-02-26,2410.59
2020-02-27,2256.06
2020-02-28,2337.76
2020-03-02,2324.78
2020-03-03,2253.81
2020-03-04,2264.72
2020-03-05,2169.63
2020-03-06,1960.82
2020-03-09,1414.11
2020-03-10,1508.73
2020-03-11,1362.88
2020-03-12,1251.88
2020-03-13,1530.95
2020-03-16,1311.01
2020-03-17,1295.69
2020-03-18,1171.49
2020-03-19,1254.01
2020-03-20,1241.57
2020-03-23,1149.84
2020-03-24,1291.75
2020-03-25,1309.26
2020-03-26,1324.97
2020-03-27,1226.7
2020-03-30,1224.24
2020-03-31,1255.69
2020-04-01,1183.11
2020-04-02,1289.1
2020-04-03,1334.65
2020-04-06,1406.6
2020-04-07,1447.27
2020-04-08,1578.01
2020-04-09,1585.83
2020-04-13,1603.13
2020-04-14,1582.8
2020-04-15,1540.36
2020-04-16,1468.34
2020-04-17,1616.75
2020-04-20,1643.7
2020-04-21,1664.48
2020-04-22,1712.39
2020-04-23,1775.87
2020-04-24,1795.35
2020-04-27,1834.8
2020-04-28,1851.31
2020-04-29,2051.74
2020-04-30,2079.41
2020-05-01,1911.68
2020-05-04,2011.14
2020-05-05,1976.14
2020-05-06,1902.4
2020-05-07,1932.27
2020-05-08,2047.74
2020-05-11,1997.44
2020-05-12,1957.82
2020-05-13,1825.24
2020-05-14,1811.55
2020-05-15,1823.55
2020-05-18,2013.67
2020-05-19,1952.61
2020-05-20,2020.68
2020-05-21,2004.34
2020-05-22,2007.85
2020-05-26,2088.92
2020-05-27,2097.95
2020-05-28,2002.87
2020-05-29,1967.87
2020-06-01,2025.85
2020-06-02,2096.54
2020-06-03,2140.48
2020-06-04,2170.19
2020-06-05,2424.5
2020-06-08,2738.13
2020-06-09,2531.26
2020-06-10,2344.91
2020-06-11,2119.56
2020-06-12,2206.96
2020-06-15,2226.71
2020-06-16,2288.25
2020-06-17,2178.65
2020-06-18,2189.08
2020-06-19,2125.99
2020-06-22,2114.98
2020-06-23,2107.02
2020-06-24,1956.72
2020-06-25,1997.02
2020-06-26,1898.64
2020-06-29,1939.58
2020-06-30,1994.74
2020-07-01,1935.55
2020-07-02,1984.93
2020-07-06,1990.56
2020-07-07,1918.32
2020-07-08,1921.15
2020-07-09,1819.88
2020-07-10,1889.15
2020-07-13,1845.47
2020-07-14,1926.57
2020-07-15,1983.59
2020-07-16,1975.33
2020-07-17,1932.35
2020-07-20,1916.65
2020-07-21,2051.66
2020-07-22,2025.89
2020-07-23,2028.47
2020-07-24,2016.33
2020-07-27,1976.98
2020-07-28,1948.34
2020-07-29,2016.23
2020-07-30,1960.28
2020-07-31,1959.44
2020-08-03,1980.5
2020-08-04,2016.96
2020-08-05,2059.75
2020-08-06,2026.52
2020-08-07,2064.8
2020-08-10,2142.75
2020-08-11,2104.84
2020-08-12,2141.56
2020-08-13,2089.73
2020-08-14,2140.31
2020-08-17,2122.86
2020-08-18,2078.6
2020-08-19,2063.8
2020-08-20,1995.07
2020-08-21,1963.21
2020-08-24,2027.62
2020-08-25,2035.05
2020-08-26,1967.74
2020-08-27,1987.3
2020-08-28,2016.58
2020-08-31,1953.05
2020-09-01,1945.94
2020-09-02,1894.74
2020-09-03,1880.0
2020-09-04,1879.14
2020-09-08,1767.92
2020-09-09,1789.02
2020-09-10,1687.32
2020-09-11,1692.66
2020-09-14,1724.9
2020-09-15,1716.76
2020-09-16,1801.09
2020-09-17,1804.92
2020-09-18,1803.36
2020-09-21,1733.76
2020-09-22,1721.61
2020-09-23,1629.78
2020-09-24,1643.11
2020-09-25,1620.98
2020-09-28,1675.31
2020-09-29,1623.55
2020-09-30,1610.37
2020-10-01,1556.3
2020-10-02,1594.17
2020-10-05,1666.89
2020-10-06,1624.47
2020-10-07,1670.94
2020-10-08,1744.16
2020-10-09,1716.21
2020-10-12,1722.32
2020-10-13,1678.91
2020-10-14,1688.45
2020-10-15,1723.08
2020-10-16,1664.66
2020-10-19,1631.63
2020-10-20,1668.46
2020-10-21,1626.03
2020-10-22,1713.28
2020-10-23,1718.31
2020-10-26,1626.34
2020-10-27,1607.36
2020-10-28,1516.04
2020-10-29,1556.24
2020-10-30,1553.25
2020-11-02,1614.24
2020-11-03,1598.61
2020-11-04,1593.84
2020-11-05,1600.56
2020-11-06,1551.73
2020-11-09,1805.21
2020-11-10,1858.66
2020-11-11,1845.0
2020-11-12,1769.0
2020-11-13,1866.21
2020-11-16,1970.45
2020-11-17,1999.53
2020-11-18,1955.18
2020-11-19,2003.76
2020-11-20,1981.48
2020-11-23,2161.11
2020-11-24,2269.89
2020-11-25,2234.78
2020-11-27,2201.62
2020-11-30,2056.89
2020-12-01,2047.86
2020-12-02,2116.13
2020-12-03,2144.22
2020-12-04,2326.58
2020-12-07,2244.48
2020-12-08,2279.69
2020-12-09,2297.41
2020-12-10,2425.42
2020-12-11,2377.52
2020-12-14,2278.74
2020-12-15,2332.0
2020-12-16,2297.87
2020-12-17,2299.91
2020-12-18,2268.59
2020-12-21,2230.2
2020-12-22,2191.56
2020-12-23,2290.64
2020-12-24,2256.52
2020-12-28,2215.08
2020-12-29,2194.31
2020-12-30,2269.64
2020-12-31,2237.16
2021-01-04,2257.8
2021-01-05,2402.94
2021-01-06,2494.08
2021-01-07,2545.85
2021-01-08,2506.42
2021-01-11,2558.45
2021-01-12,2702.89
2021-01-13,2652.57
2021-01-14,2744.53
2021-01-15,2649.73
2021-01-19,2698.28
2021-01-20,2682.13
2021-01-21,2590.71
2021-01-22,2602.42
2021-01-25,2594.46
2021-01-26,2526.74
2021-01-27,2556.97
2021-01-28,2553.91
2021-01-29,2458.97
2021-02-01,2510.51
2021-02-02,2523.7
2021-02-03,2661.16
2021-02-04,2670.84
2021-02-05,2677.44
2021-02-08,2851.72
2021-02-09,2799.26
2021-02-10,2862.4
2021-02-11,2808.32
2021-02-12,2888.67
2021-02-16,2984.07
2021-02-17,3015.29
2021-02-18,2882.09
2021-02-19,2957.45
2021-02-22,3048.42
2021-02-23,3113.61
2021-02-24,3237.17
2021-02-25,3138.14
2021-02-26,3068.65
2021-03-01,3159.13
2021-03-02,3130.79
2021-03-03,3193.96
2021-03-04,3302.32
2021-03-05,3433.2
2021-03-08,3380.21
2021-03-09,3287.63
2021-03-10,3408.67
2021-03-11,3479.85
2021-03-12,3444.23
2021-03-15,3422.43
2021-03-16,3315.9
2021-03-17,3334.45
2021-03-18,3108.12
2021-03-19,3191.81
2021-03-22,3145.35
2021-03-23,2995.72
2021-03-24,3042.74
2021-03-25,3089.81
2021-03-26,3189.92
2021-03-29,3090.35
2021-03-30,3090.51
2021-03-31,3109.22
2021-04-01,3278.36
2021-04-05,3112.13
2021-04-06,3138.94
2021-04-07,3129.1
2021-04-08,3061.32
2021-04-09,3003.67
2021-04-12,2930.39
2021-04-13,2939.02
2021-04-14,3064.2
2021-04-15,3018.22
2021-04-16,2968.01
2021-04-19,2966.13
2021-04-20,2835.1
2021-04-21,2890.24
2021-04-22,2863.22
2021-04-23,2904.22
2021-04-26,2978.66
2021-04-27,3034.33
2021-04-28,3164.93
2021-04-29,3158.24
2021-04-30,3071.68
2021-05-03,3176.79
2021-05-04,3168.02
2021-05-05,3259.33
2021-05-06,3232.67
2021-05-07,3317.66
2021-05-10,3271.33
2021-05-11,3234.69
2021-05-12,3222.23
2021-05-13,3121.6
2021-05-14,3301.63
2021-05-17,3428.85
2021-05-18,3370.35
2021-05-19,3299.82
2021-05-20,3287.0
2021-05-21,3306.97
2021-05-24,3347.25
2021-05-25,3254.27
2021-05-26,3349.75
2021-05-27,3399.96
2021-05-28,3400.01
2021-06-01,3623.2
2021-06-02,3679.31
2021-06-03,3683.72
2021-06-04,3680.96
2021-06-07,3719.41
2021-06-08,3754.19
2021-06-09,3732.14
2021-06-10,3693.68
2021-06-11,3717.73
2021-06-14,3670.38
2021-06-15,3738.41
2021-06-16,3718.07
2021-06-17,3545.69
2021-06-18,3472.54
2021-06-21,3654.5
2021-06-22,3674.57
2021-06-23,3718.41
2021-06-24,3777.71
2021-06-25,3822.22
2021-06-28,3653.68
2021-06-29,3635.12
2021-06-30,3705.81
2021-07-01,3791.76
2021-07-02,3720.38
2021-07-06,3572.06
2021-07-07,3487.28
2021-07-08,3508.32
2021-07-09,3598.07
2021-07-12,3570.32
2021-07-13,3524.78
2021-07-14,3349.47
2021-07-15,3282.56
2021-07-16,3152.52
2021-07-19,3022.56
2021-07-20,3098.42
2021-07-21,3249.01
2021-07-22,3179.3
2021-07-23,3145.62
2021-07-26,3245.15
2021-07-27,3143.82
2021-07-28,3216.2
2021-07-29,3208.55
2021-07-30,3169.51
2021-08-02,3107.49
2021-08-03,3174.37
2021-08-04,3028.16
2021-08-05,3112.08
2021-08-06,3144.16
2021-08-09,3090.81
2021-08-10,3178.37
2021-08-11,3187.53
2021-08-12,3175.11
2021-08-13,3066.35
2021-08-16,2977.89
2021-08-17,2954.08
2021-08-18,2871.74
2021-08-19,2782.58
2021-08-20,2795.81
2021-08-23,2937.14
2021-08-24,3025.0
2021-08-25,3079.42
2021-08-26,3025.5
2021-08-27,3187.89
2021-08-30,3132.38
2021-08-31,3159.84
2021-09-01,3133.7
2021-09-02,3240.53
2021-09-03,3229.36
2021-09-07,3220.94
2021-09-08,3181.3
2021-09-09,3222.62
2021-09-10,3195.24
2021-09-13,3327.64
2021-09-14,3240.29
2021-09-15,3433.36
2021-09-16,3387.13
2021-09-17,3356.75
2021-09-20,3232.43
2021-09-21,3245.74
2021-09-22,3365.91
2021-09-23,3513.78
2021-09-24,3529.61
2021-09-27,3788.4
2021-09-28,3732.97
2021-09-29,3720.41
2021-09-30,3707.26
2021-10-01,3807.53
2021-10-04,3902.66
2021-10-05,3926.84
2021-10-06,3836.9
2021-10-07,3946.56
2021-10-08,4042.29
2021-10-11,4026.04
2021-10-12,4013.01
2021-10-13,3995.18
2021-10-14,4056.12
2021-10-15,4031.2
2021-10-18,4056.4
2021-10-19,4090.11
2021-10-20,4139.58
2021-10-21,4048.41
2021-10-22,4123.38
2021-10-25,4245.81
2021-10-26,4236.82
2021-10-27,4054.72
2021-10-28,4103.78
2021-10-29,4075.18
2021-11-01,4200.56
2021-11-02,4155.8
2021-11-03,4119.02
2021-11-04,4091.39
2021-11-05,4207.25
2021-11-08,4273.04
2021-11-09,4263.33
2021-11-10,4061.68
2021-11-11,4129.0
2021-11-12,4114.03
2021-11-15,4141.43
2021-11-16,4117.6
2021-11-17,3966.17
2021-11-18,3975.02
2021-11-19,3777.77
2021-11-22,3837.92
2021-11-23,3991.68
2021-11-24,4045.95
2021-11-26,3770.62
2021-11-29,3830.14
2021-11-30,3724.42
2021-12-01,3576.09
2021-12-02,3694.55
2021-12-03,3637.54
2021-12-06,3749.66
2021-12-07,3903.91
2021-12-08,3908.28
2021-12-09,3836.15
2021-12-10,3879.73
2021-12-13,3703.75
2021-12-14,3638.03
2021-12-15,3654.36
2021-12-16,3620.24
2021-12-17,3577.3
2021-12-20,3490.35
2021-12-21,3659.02
2021-12-22,3679.65
2021-12-23,3668.21
2021-12-27,3816.1
2021-12-28,3780.03
2021-12-29,3766.72
2021-12-30,3695.02
2021-12-31,3682.69
2022-01-03,3858.68
2022-01-04,4024.99
2022-01-05,3900.47
2022-01-06,4021.49
2022-01-07,4023.4
2022-01-10,3996.23
2022-01-11,4174.27
2022-01-12,4215.38
2022-01-13,4133.54
2022-01-14,4264.29
2022-01-18,4188.52
2022-01-19,4137.11
2022-01-20,4004.56
2022-01-21,3854.34
2022-01-24,3928.05
2022-01-25,4081.34
2022-01-26,4028.13
2022-01-27,4028.88
2022-01-28,4070.24
2022-01-31,4093.1
2022-02-01,4266.75
2022-02-02,4289.11
2022-02-03,4225.23
2022-02-04,4296.44
2022-02-07,4271.76
2022-02-08,4130.89
2022-02-09,4222.14
2022-02-10,4221.28
2022-02-11,4374.72
2022-02-14,4267.21
2022-02-15,4219.42
2022-02-16,4202.71
2022-02-17,4201.61
2022-02-18,4151.46
2022-02-22,4067.75
2022-02-23,4141.43
2022-02-24,4212.92
2022-02-25,4261.09
2022-02-28,4483.23
2022-03-01,4571.24
2022-03-02,4658.68
2022-03-03,4604.39
2022-03-04,4794.98
2022-03-07,4815.94
2022-03-08,4863.88
2022-03-09,4814.45
2022-03-10,4919.83
2022-03-11,4833.3
2022-03-14,4621.02
2022-03-15,4547.25
2022-03-16,4560.3
2022-03-17,4803.64
2022-03-18,4791.41
2022-03-21,4955.4
2022-03-22,4921.56
2022-03-23,5027.03
2022-03-24,5088.08
2022-03-25,5332.33
2022-03-28,5189.39
2022-03-29,5193.32
2022-03-30,5238.7
2022-03-31,5166.83
2022-04-01,5321.32
2022-04-04,5333.66
2022-04-05,5209.53
2022-04-06,5205.66
2022-04-07,5251.62
2022-04-08,5378.31
2022-04-11,5260.31
2022-04-12,5339.47
2022-04-13,5477.58
2022-04-14,5489.26
2022-04-18,5594.31
2022-04-19,5503.68
2022-04-20,5581.03
2022-04-21,5332.52
2022-04-22,5113.04
2022-04-25,5018.62
2022-04-26,4962.11
2022-04-27,5036.55
2022-04-28,5197.25
2022-04-29,5060.38
2022-05-02,5067.24
2022-05-03,5312.54
2022-05-04,5531.97
2022-05-05,5378.88
2022-05-06,5449.7
2022-05-09,4882.1
2022-05-10,4918.4
2022-05-11,4934.97
2022-05-12,4915.61
2022-05-13,5126.38
2022-05-16,5242.35
2022-05-17,5394.53
2022-05-18,5207.18
2022-05-19,5209.06
2022-05-20,5240.01
2022-05-23,5456.88
2022-05-24,5437.56
2022-05-25,5656.2
2022-05-26,5786.59
2022-05-27,6014.26
2022-05-31,5920.13
2022-06-01,6113.88
2022-06-02,6113.29
2022-06-03,6188.21
2022-06-06,6242.56
2022-06-07,6477.96
2022-06-08,6417.51
2022-06-09,6332.85
2022-06-10,6218.46
2022-06-13,5832.5
2022-06-14,5786.82
2022-06-15,5702.94
2022-06-16,5335.47
2022-06-17,4953.73
2022-06-21,5159.13
2022-06-22,4834.36
2022-06-23,4629.13
2022-06-24,4689.92
2022-06-27,4908.14
2022-06-28,5034.67
2022-06-29,4766.58
2022-06-30,4590.06
2022-07-01,4648.34
2022-07-05,4390.23
2022-07-06,4318.48
2022-07-07,4568.23
2022-07-08,4555.41
2022-07-11,4496.33
2022-07-12,4389.43
2022-07-13,4429.84
2022-07-14,4348.94
2022-07-15,4460.76
2022-07-18,4587.76
2022-07-19,4773.89
2022-07-20,4905.63
2022-07-21,4765.79
2022-07-22,4659.21
2022-07-25,4920.52
2022-07-26,4881.24
2022-07-27,5075.47
2022-07-28,5096.66
2022-07-29,5268.66
2022-08-01,5149.01
2022-08-02,5179.98
2022-08-03,5041.13
2022-08-04,4807.58
2022-08-05,4964.7
2022-08-08,4981.45
2022-08-09,5039.45
2022-08-10,5126.78
2022-08-11,5340.2
2022-08-12,5385.05
2022-08-15,5240.32
2022-08-16,5237.94
2022-08-17,5318.89
2022-08-18,5548.01
2022-08-19,5464.12
2022-08-22,5493.72
2022-08-23,5622.36
2022-08-24,5731.0
2022-08-25,5761.18
2022-08-26,5707.51
2022-08-29,5783.34
2022-08-30,5489.58
2022-08-31,5548.83
2022-09-01,5328.1
2022-09-02,5455.9
2022-09-06,5369.41
2022-09-07,5275.8
2022-09-08,5339.02
2022-09-09,5484.67
2022-09-12,5560.71
2022-09-13,5399.81
2022-09-14,5593.66
2022-09-15,5390.11
2022-09-16,5249.84
2022-09-19,5245.37
2022-09-20,5167.46
2022-09-21,5059.59
2022-09-22,4970.84
2022-09-23,4568.57
2022-09-26,4425.21
2022-09-27,4544.28
2022-09-28,4840.94
2022-09-29,4803.54
2022-09-30,4807.07
2022-10-03,5120.31
2022-10-04,5392.87
2022-10-05,5484.89
2022-10-06,5564.53
2022-10-07,5490.4
2022-10-10,5394.53
2022-10-11,5323.6
2022-10-12,5384.31
2022-10-13,5582.15
2022-10-14,5295.11
2022-10-17,5431.15
2022-10-18,5481.73
2022-10-19,5620.7
2022-10-20,5563.85
2022-10-21,5687.74
2022-10-24,5690.06
2022-10-25,5735.11
2022-10-26,5824.74
2022-10-27,5776.38
2022-10-28,5751.78
2022-10-31,5829.38
2022-11-01,5899.35
2022-11-02,5747.43
2022-11-03,5880.13
2022-11-04,5990.79
2022-11-07,6173.73
2022-11-08,6130.67
2022-11-09,5724.1
2022-11-10,5948.14
2022-11-11,6127.76
2022-11-14,6031.6
2022-11-15,6178.18
2022-11-16,5992.4
2022-11-17,5980.3
2022-11-18,5912.31
2022-11-21,5801.91
2022-11-22,6035.33
2022-11-23,5935.2
2022-11-25,5938.82
2022-11-28,5718.47
2022-11-29,5785.84
2022-11-30,5838.81
2022-12-01,5717.58
2022-12-02,5669.77
2022-12-05,5405.04
2022-12-06,5257.81
2022-12-07,5212.53
2022-12-08,5095.63
2022-12-09,4997.4
2022-12-12,5191.05
2022-12-13,5280.92
2022-12-14,5245.38
2022-12-15,5268.32
2022-12-16,5177.51
2022-12-19,5091.04
2022-12-20,5147.93
2022-12-21,5281.04
2022-12-22,5108.95
2022-12-23,5309.63
2022-12-27,5342.98
2022-12-28,5103.31
2022-12-29,5216.56
2022-12-30,5241.07
2023-01-03,4945.65
2023-01-04,4966.58
2023-01-05,4972.63
2023-01-06,5077.54
2023-01-09,5126.72
2023-01-10,5143.98
2023-01-11,5182.53
2023-01-12,5336.68
2023-01-13,5362.45
2023-01-17,5388.45
2023-01-18,5283.0
2023-01-19,5387.66
2023-01-20,5462.41
2023-01-23,5543.77
2023-01-24,5481.21
2023-01-25,5476.28
2023-01-26,5609.07
2023-01-27,5530.69
2023-01-30,5352.56
2023-01-31,5437.07
2023-02-01,5310.51
2023-02-02,5227.36
2023-02-03,5202.73
2023-02-06,5100.25
2023-02-07,5309.28
2023-02-08,5238.11
2023-02-09,5160.38
2023-02-10,5426.88
2023-02-13,5388.54
2023-02-14,5420.47
2023-02-15,5327.61
2023-02-16,5256.36
2023-02-17,5028.47
2023-02-21,4953.35
2023-02-22,4947.97
2023-02-23,5098.97
2023-02-24,5169.74
2023-02-27,5200.97
2023-02-28,5118.62
2023-03-01,5235.14
2023-03-02,5303.45
2023-03-03,5428.17
2023-03-06,5315.22
2023-03-07,5225.12
2023-03-08,5145.46
2023-03-09,5016.79
2023-03-10,4913.49
2023-03-13,4763.83
2023-03-14,4789.31
2023-03-15,4478.99
2023-03-16,4608.71
2023-03-17,4504.73
2023-03-20,4612.11
2023-03-21,4773.16
2023-03-22,4643.58
2023-03-23,4574.14
2023-03-24,4623.12
2023-03-27,4753.76
2023-03-28,4814.88
2023-03-29,4869.07
2023-03-30,4864.87
2023-03-31,4925.62
2023-04-03,5168.42
2023-04-04,5047.37
2023-04-05,5098.86
2023-04-06,5026.45
2023-04-10,5134.99
2023-04-11,5204.68
2023-04-12,5160.18
2023-04-13,5192.24
2023-04-14,5185.72
2023-04-17,5094.17
2023-04-18,5076.91
2023-04-19,5020.32
2023-04-20,4941.06
2023-04-21,4895.81
2023-04-24,4987.83
2023-04-25,4820.5
2023-04-26,4739.3
2023-04-27,4777.02
2023-04-28,4906.55
2023-05-01,4870.1
2023-05-02,4644.88
2023-05-03,4553.88
2023-05-04,4484.42
2023-05-05,4645.76
2023-05-08,4656.41
2023-05-09,4628.4
2023-05-10,4603.45
2023-05-11,4547.78
2023-05-12,4589.57
2023-05-15,4668.75
2023-05-16,4533.61
2023-05-17,4632.89
2023-05-18,4726.74
2023-05-19,4733.34
2023-05-22,4817.6
2023-05-23,4826.82
2023-05-24,4851.99
2023-05-25,4717.07
2023-05-26,4703.83
2023-05-30,4608.84
2023-05-31,4537.57
2023-06-01,4572.8
2023-06-02,4761.1
2023-06-05,4693.44
2023-06-06,4785.1
2023-06-07,4960.68
2023-06-08,4928.78
2023-06-09,4888.48
2023-06-12,4806.3
2023-06-13,4859.43
2023-06-14,4782.37
2023-06-15,4883.22
2023-06-16,4900.18
2023-06-20,4779.35
2023-06-21,4833.83
2023-06-22,4739.22
2023-06-23,4701.38
2023-06-26,4773.19
2023-06-27,4797.93
2023-06-28,4853.18
2023-06-29,4946.95
2023-06-30,4973.39
2023-07-03,4980.56
2023-07-05,4956.97
2023-07-06,4832.15
2023-07-07,4972.94
2023-07-10,5012.65
2023-07-11,5138.96
2023-07-12,5153.0
2023-07-13,5166.73
2023-07-14,4981.15
2023-07-17,5006.33
2023-07-18,5146.63
2023-07-19,5173.12
2023-07-20,5228.33
2023-07-21,5253.21
2023-07-24,5338.58
2023-07-25,5355.38
2023-07-26,5370.95
2023-07-27,5331.67
2023-07-28,5445.91
2023-07-31,5523.74
2023-08-01,5503.19
2023-08-02,5412.2
2023-08-03,5526.86
2023-08-04,5570.47
2023-08-07,5605.0
2023-08-08,5650.58
2023-08-09,5727.73
2023-08-10,5675.61
2023-08-11,5739.67
2023-08-14,5693.83
2023-08-15,5581.36
2023-08-16,5558.77
2023-08-17,5632.89
2023-08-18,5687.86
2023-08-21,5693.6
2023-08-22,5638.27
2023-08-23,5577.32
2023-08-24,5542.39
2023-08-25,5618.08
2023-08-28,5648.4
2023-08-29,5681.65
2023-08-30,5713.97
2023-08-31,5721.93
2023-09-01,5859.42
2023-09-05,5825.54
2023-09-06,5829.08
2023-09-07,5821.76
2023-09-08,5895.33
2023-09-11,5774.67
2023-09-12,5918.62
2023-09-13,5845.26
2023-09-14,5874.12
2023-09-15,5769.28
2023-09-18,5771.18
2023-09-19,5708.67
2023-09-20,5618.7
2023-09-21,5555.1
2023-09-22,5540.3
2023-09-25,5643.35
2023-09-26,5618.21
2023-09-27,5787.39
2023-09-28,5816.23
2023-09-29,5710.48
2023-10-02,5518.23
2023-10-03,5499.19
2023-10-04,5275.88
2023-10-05,5287.28
2023-10-06,5387.04
2023-10-09,5609.21
2023-10-10,5629.64
2023-10-11,5618.77
2023-10-12,5619.71
2023-10-13,5740.67
2023-10-16,5796.46
2023-10-17,5863.37
2023-10-18,5906.03
2023-10-19,5895.38
2023-10-20,5795.92
2023-10-23,5711.83
2023-10-24,5665.47
2023-10-25,5657.06
2023-10-26,5633.5
2023-10-27,5555.16
2023-10-30,5537.33
2023-10-31,5608.13
2023-11-01,5596.95
2023-11-02,5744.74
2023-11-03,5702.38
2023-11-06,5547.29
2023-11-07,5390.1
2023-11-08,5275.54
2023-11-09,5237.86
2023-11-10,5291.0
2023-11-13,5330.84
2023-11-14,5415.39
