DATE,SOFR,SOFR30DAYAVG,SOFR90DAYAVG,SOFR180DAYAVG,SOFRINDEX
2018-04-02,,,,,1.0
2018-04-03,1.83,,,,1.00005
2018-04-04,1.74,,,,1.00010084
2018-04-05,1.75,,,,1.00014917
2018-04-06,1.75,,,,1.00019779
2018-04-09,1.75,,,,1.00034365
2018-04-10,1.75,,,,1.00039228
2018-04-11,1.76,,,,1.00044091
2018-04-12,1.73,,,,1.00048982
2018-04-13,1.72,,,,1.0005379
2018-04-16,1.77,,,,1.00068131
2018-04-17,1.76,,,,1.00073051
2018-04-18,1.75,,,,1.00077944
2018-04-19,1.73,,,,1.00082809
2018-04-20,1.72,,,,1.00087618
2018-04-23,1.7,,,,1.00101964
2018-04-24,1.71,,,,1.00106691
2018-04-25,1.71,,,,1.00111446
2018-04-26,1.72,,,,1.00116201
2018-04-27,1.72,,,,1.00120985
2018-04-30,1.77,,,,1.00135335
2018-05-01,1.76,,,,1.00140259
2018-05-02,1.75,1.74185,,,1.00145155
2018-05-03,1.74,1.74019,,,1.00150023
2018-05-04,1.72,1.73718,,,1.00154863
2018-05-07,1.71,1.73451,,,1.00169219
2018-05-08,1.72,1.73318,,,1.00173977
2018-05-09,1.72,1.73217,,,1.00178763
2018-05-10,1.73,1.73117,,,1.00183549
2018-05-11,1.73,1.73051,,,1.00188364
2018-05-14,1.75,1.72984,,,1.00202807
2018-05-15,1.79,1.73084,,,1.00207678
2018-05-16,1.75,1.73318,,,1.00212661
2018-05-17,1.74,1.73251,,,1.00217532
2018-05-18,1.73,1.73184,,,1.00222376
2018-05-21,1.69,1.7315,,,1.00236825
2018-05-22,1.65,1.73051,,,1.00241531
2018-05-23,1.67,1.72817,,,1.00246125
2018-05-24,1.74,1.72717,,,1.00250775
2018-05-25,1.73,1.72817,,,1.00255621
2018-05-29,1.72,1.72983,,,1.00274892
2018-05-30,1.72,1.72983,,,1.00279683
2018-05-31,1.81,1.72816,,,1.00284474
2018-06-01,1.81,1.72983,,,1.00289516
2018-06-04,1.8,1.73717,,,1.00304643
2018-06-05,1.75,1.73984,,,1.00309658
2018-06-06,1.73,1.74084,,,1.00314535
2018-06-07,1.71,1.74151,,,1.00319355
2018-06-08,1.69,1.74118,,,1.0032412
2018-06-11,1.69,1.7375,,,1.00338249
2018-06-12,1.67,1.73617,,,1.0034296
2018-06-13,1.71,1.73417,,,1.00347615
2018-06-14,1.9,1.73283,,,1.00352381
2018-06-15,1.91,1.7365,,,1.00357677
2018-06-18,1.9,1.75352,,,1.00373651
2018-06-19,1.88,1.7592,,,1.00378949
2018-06-20,1.87,1.76421,,,1.00384191
2018-06-21,1.87,1.77022,,,1.00389405
2018-06-22,1.92,1.77756,,,1.0039462
2018-06-25,1.91,1.79826,,,1.00410683
2018-06-26,1.9,1.80427,,,1.0041601
2018-06-27,1.9,1.80995,,,1.0042131
2018-06-28,1.93,1.81562,,,1.0042661
2018-06-29,2.12,1.82263,,,1.00431994
2018-07-02,2.04,1.85668,1.77886,,1.00449737
2018-07-03,2.0,1.86436,1.7812,,1.00455429
2018-07-05,1.97,1.87737,1.78689,,1.00466591
2018-07-06,1.93,1.88472,1.78935,,1.00472088
2018-07-09,1.89,1.90675,1.79537,,1.00488248
2018-07-10,1.89,1.91343,1.79694,,1.00493523
2018-07-11,1.89,1.9201,1.79839,,1.00498799
2018-07-12,1.9,1.92678,1.80017,,1.00504075
2018-07-13,1.9,1.93446,1.80218,,1.0050938
2018-07-16,1.95,1.94046,1.80765,,1.00525294
2018-07-17,1.92,1.9418,1.80977,,1.00530739
2018-07-18,1.9,1.94214,1.81167,,1.00536101
2018-07-19,1.9,1.94214,1.81356,,1.00541407
2018-07-20,1.88,1.94281,1.81558,,1.00546713
2018-07-23,1.87,1.94213,1.82115,,1.00562465
2018-07-24,1.9,1.94047,1.82294,,1.00567689
2018-07-25,1.87,1.9398,1.82506,,1.00572997
2018-07-26,1.9,1.93847,1.82673,,1.00578221
2018-07-27,1.88,1.93847,1.82875,,1.00583529
2018-07-30,1.88,1.92811,1.83354,,1.00599287
2018-07-31,1.93,1.92011,1.83488,,1.00604541
2018-08-01,1.88,1.91376,1.83689,,1.00609934
2018-08-02,1.91,1.90842,1.83845,,1.00615188
2018-08-03,1.86,1.90542,1.84058,,1.00620527
2018-08-06,1.86,1.89474,1.84537,,1.00636123
2018-08-07,1.87,1.8924,1.84694,,1.00641322
2018-08-08,1.88,1.8904,1.84861,,1.0064655
2018-08-09,1.91,1.89006,1.85028,,1.00651806
2018-08-10,1.9,1.89073,1.8523,,1.00657146
2018-08-13,1.91,1.89106,1.85776,,1.00673084
2018-08-14,1.93,1.8914,1.8591,,1.00678425
2018-08-15,1.98,1.8924,1.86111,,1.00683822
2018-08-16,1.99,1.8934,1.86379,,1.0068936
2018-08-17,1.9,1.89574,1.86669,,1.00694926
2018-08-20,1.9,1.8964,1.87283,,1.00710869
2018-08-21,1.9,1.89708,1.87562,,1.00716184
2018-08-22,1.9,1.89774,1.87819,,1.007215
2018-08-23,1.94,1.89874,1.87998,,1.00726816
2018-08-24,1.95,1.90008,1.88232,,1.00732244
2018-08-27,1.95,1.90675,1.88969,,1.00748613
2018-08-28,1.95,1.90909,1.89226,,1.0075407
2018-08-29,1.93,1.91143,1.89482,,1.00759528
2018-08-30,1.93,1.9131,1.89616,,1.0076493
2018-08-31,1.97,1.9131,1.89751,,1.00770332
2018-09-04,1.95,1.92544,1.90542,,1.00792389
2018-09-05,1.95,1.92844,1.90788,,1.00797849
2018-09-06,1.94,1.93145,1.91056,,1.00803309
2018-09-07,1.94,1.93379,1.91335,,1.00808741
2018-09-10,1.94,1.93812,1.92172,,1.00825038
2018-09-11,1.94,1.93946,1.92474,,1.00830472
2018-09-12,1.94,1.9408,1.92731,,1.00835905
2018-09-13,1.94,1.9418,1.92775,,1.00841339
2018-09-14,1.95,1.94213,1.92809,,1.00846773
2018-09-17,2.0,1.94146,1.92954,,1.00863161
2018-09-18,1.94,1.9448,1.93088,,1.00868764
2018-09-19,1.92,1.94614,1.93166,,1.008742
2018-09-20,1.92,1.94681,1.93222,,1.0087958
2018-09-21,1.92,1.94747,1.93222,,1.0088496
2018-09-24,1.95,1.94647,1.93233,,1.00901102
2018-09-25,1.93,1.94647,1.93289,,1.00906567
2018-09-26,1.92,1.9458,1.93322,,1.00911977
2018-09-27,2.16,1.9448,1.93311,,1.00917359
2018-09-28,2.25,1.95181,1.93356,,1.00923414
2018-10-01,2.22,1.98253,1.9388,1.86432,1.00942337
2018-10-02,2.2,1.99088,1.94126,1.86701,1.00948562
2018-10-03,2.2,1.99856,1.94349,1.86953,1.00954731
2018-10-04,2.18,2.00624,1.94606,1.87206,1.00960901
2018-10-05,2.16,2.01392,1.94886,1.87447,1.00967014
2018-10-09,2.15,2.04295,1.96001,1.88361,1.00991246
2018-10-10,2.15,2.04996,1.96292,1.88596,1.00997278
2018-10-11,2.17,2.05697,1.96571,1.88837,1.0100331
2018-10-12,2.18,2.06465,1.96872,1.8909,1.01009398
2018-10-15,2.21,2.08835,1.97754,1.89813,1.01027748
2018-10-16,2.18,2.09704,1.98078,1.90071,1.0103395
2018-10-17,2.18,2.10472,1.9839,1.90323,1.01040068
2018-10-18,2.19,2.11073,1.98703,1.90581,1.01046187
2018-10-19,2.19,2.11908,1.99049,1.90845,1.01052334
2018-10-22,2.18,2.14612,2.00099,1.91652,1.01070776
2018-10-23,2.17,2.1548,2.00411,1.91916,1.01076896
2018-10-24,2.18,2.16315,2.00746,1.92168,1.01082989
2018-10-25,2.19,2.17083,2.01059,1.92426,1.0108911
2018-10-26,2.19,2.17951,2.01405,1.9269,1.01095259
2018-10-29,2.18,2.18752,2.02444,1.9343,1.01113709
2018-10-30,2.18,2.18519,2.02723,1.93671,1.01119832
2018-10-31,2.22,2.18285,2.03058,1.93918,1.01125956
2018-11-01,2.22,2.18285,2.03404,1.94199,1.01132192
2018-11-02,2.25,2.18352,2.03806,1.94479,1.01138428
2018-11-05,2.24,2.19053,2.05112,1.95377,1.01157392
2018-11-06,2.22,2.19321,2.05526,1.95668,1.01163686
2018-11-07,2.18,2.19522,2.05905,1.95943,1.01169924
2018-11-08,2.21,2.19589,2.06207,1.96196,1.01176051
2018-11-09,2.2,2.19789,2.06553,1.96465,1.01182262
2018-11-13,2.2,2.20188,2.07848,1.97463,1.01206995
2018-11-14,2.2,2.20255,2.08094,1.97721,1.0121318
2018-11-15,2.28,2.20222,2.08328,1.97985,1.01219365
2018-11-16,2.26,2.20556,2.08753,1.98293,1.01225776
2018-11-19,2.24,2.2129,2.09959,1.99253,1.0124484
2018-11-20,2.2,2.21457,2.10338,1.99572,1.0125114
2018-11-21,2.18,2.21491,2.10673,1.99831,1.01257327
2018-11-23,2.23,2.21523,2.11198,2.00336,1.01269591
2018-11-26,2.2,2.21957,2.12136,2.01183,1.0128841
2018-11-27,2.19,2.21991,2.12416,2.01452,1.012946
2018-11-28,2.19,2.21991,2.12706,2.01665,1.01300762
2018-11-29,2.24,2.22024,2.12996,2.01879,1.01306925
2018-11-30,2.28,2.22225,2.13298,2.0212,1.01313228
2018-12-03,2.23,2.22725,2.14337,2.0295,1.01332478
2018-12-04,2.27,2.22659,2.1465,2.03231,1.01338755
2018-12-06,2.34,2.22825,2.15376,2.03871,1.01351535
2018-12-07,2.3,2.23226,2.15823,2.04235,1.01358122
2018-12-10,2.22,2.24261,2.17029,2.05273,1.01377549
2018-12-11,2.19,2.24329,2.17342,2.0556,1.01383801
2018-12-12,2.2,2.24296,2.17621,2.05722,1.01389968
2018-12-13,2.21,2.24296,2.17911,2.05885,1.01396165
2018-12-14,2.21,2.24329,2.18202,2.06054,1.01402389
2018-12-17,2.31,2.23961,2.19017,2.06581,1.01421064
2018-12-18,2.32,2.24129,2.1943,2.06828,1.01427572
2018-12-19,2.3,2.24329,2.19877,2.07081,1.01434108
2018-12-20,2.41,2.2453,2.20302,2.07294,1.01440589
2018-12-21,2.4,2.25231,2.20849,2.07569,1.0144738
2018-12-24,2.41,2.27268,2.22424,2.08394,1.01467669
2018-12-26,2.44,2.2847,2.23508,2.0895,1.01481255
2018-12-27,2.44,2.29271,2.23821,2.09129,1.01488133
2018-12-28,2.46,2.30106,2.24033,2.09309,1.01495011
2018-12-31,3.0,2.32343,2.2477,2.09994,1.01515818
2019-01-02,3.15,2.37152,2.26558,2.11133,1.01532737
2019-01-03,2.7,2.40224,2.27641,2.11818,1.01541621
2019-01-04,2.45,2.41661,2.28245,2.1225,1.01549237
2019-01-07,2.41,2.4313,2.29217,2.13171,1.0156997
2019-01-08,2.42,2.43497,2.29508,2.13463,1.01576769
2019-01-09,2.45,2.43898,2.2981,2.13755,1.01583598
2019-01-10,2.43,2.44666,2.30122,2.14064,1.01590511
2019-01-11,2.41,2.45468,2.30402,2.14361,1.01597368
2019-01-14,2.4,2.47505,2.31139,2.15181,1.01617773
2019-01-15,2.46,2.4814,2.31385,2.15462,1.01624547
2019-01-16,2.43,2.48975,2.31698,2.15776,1.01631491
2019-01-17,2.41,2.49375,2.31966,2.16085,1.01638351
2019-01-18,2.42,2.49676,2.32212,2.16383,1.01645156
2019-01-22,2.41,2.50242,2.33273,2.17595,1.01672487
2019-01-23,2.4,2.50276,2.3353,2.17881,1.01679293
2019-01-24,2.41,2.50243,2.33765,2.18174,1.01686072
2019-01-25,2.4,2.50243,2.34011,2.18471,1.01692879
2019-01-28,2.39,2.49775,2.34726,2.19319,1.01713218
2019-01-29,2.4,2.49541,2.3496,2.19605,1.0171997
2019-01-30,2.39,2.49341,2.35161,2.19881,1.01726752
2019-01-31,2.58,2.47304,2.35351,2.20178,1.01733505
2019-02-01,2.47,2.45902,2.35721,2.20583,1.01740796
2019-02-04,2.4,2.42929,2.36469,2.21605,1.01761738
2019-02-05,2.4,2.42762,2.3667,2.21897,1.01768522
2019-02-06,2.38,2.42595,2.36916,2.22172,1.01775307
2019-02-07,2.38,2.42495,2.37106,2.22442,1.01782035
2019-02-08,2.37,2.42361,2.37308,2.22711,1.01788764
2019-02-11,2.4,2.4176,2.37878,2.23481,1.01808867
2019-02-12,2.39,2.41727,2.38101,2.23717,1.01815654
2019-02-13,2.38,2.4166,2.38313,2.23941,1.01822414
2019-02-14,2.39,2.41593,2.38425,2.24211,1.01829145
2019-02-15,2.43,2.4136,2.38571,2.24486,1.01835906
2019-02-19,2.4,2.41493,2.39419,2.25677,1.01863401
2019-02-20,2.39,2.41426,2.39665,2.25935,1.01870192
2019-02-21,2.39,2.41326,2.399,2.26183,1.01876955
2019-02-22,2.4,2.41259,2.40079,2.2643,1.01883719
2019-02-25,2.38,2.41225,2.40682,2.27188,1.01904096
2019-02-26,2.38,2.41159,2.40895,2.27441,1.01910833
2019-02-27,2.37,2.41092,2.41107,2.27694,1.0191757
2019-02-28,2.58,2.41026,2.41252,2.27919,1.0192428
2019-03-01,2.38,2.41627,2.41588,2.28261,1.01931584
2019-03-04,2.38,2.40624,2.41979,2.28964,1.01951801
2019-03-05,2.38,2.40324,2.42102,2.29205,1.01958541
2019-03-06,2.38,2.40024,2.42225,2.29452,1.01965281
2019-03-07,2.38,2.39957,2.4227,2.297,1.01972022
2019-03-08,2.39,2.3989,2.42359,2.29947,1.01978764
2019-03-11,2.38,2.40023,2.4275,2.30705,1.01999075
2019-03-12,2.39,2.40057,2.42963,2.30953,1.02005818
2019-03-13,2.4,2.40124,2.43175,2.31206,1.0201259
2019-03-14,2.42,2.40124,2.43387,2.31459,1.02019391
2019-03-15,2.46,2.40224,2.43623,2.31723,1.02026249
2019-03-18,2.41,2.40825,2.44349,2.3256,1.02047164
2019-03-19,2.42,2.4076,2.44449,2.32835,1.02053996
2019-03-20,2.47,2.40727,2.44583,2.33116,1.02060856
2019-03-21,2.44,2.4086,2.4465,2.33425,1.02067859
2019-03-22,2.4,2.40994,2.44696,2.33718,1.02074776
2019-03-25,2.4,2.4106,2.44684,2.34504,1.02095191
2019-03-26,2.4,2.41061,2.44673,2.34774,1.02101998
2019-03-27,2.4,2.41061,2.44628,2.34909,1.02108805
2019-03-28,2.43,2.41127,2.44584,2.34993,1.02115612
2019-03-29,2.65,2.41294,2.4455,2.35095,1.02122505
2019-04-01,2.46,2.43364,2.44584,2.35814,1.02145057
2019-04-02,2.46,2.43632,2.4398,2.3596,1.02152037
2019-04-03,2.47,2.43899,2.43209,2.36117,1.02159017
2019-04-04,2.46,2.442,2.42952,2.36292,1.02166026
2019-04-05,2.46,2.44467,2.42963,2.3646,1.02173008
2019-04-08,2.46,2.45234,2.43041,2.36972,1.02193953
2019-04-09,2.45,2.45469,2.43086,2.37146,1.02200936
2019-04-10,2.45,2.45669,2.43086,2.37303,1.02207892
2019-04-11,2.44,2.45903,2.43108,2.37455,1.02214847
2019-04-12,2.44,2.4607,2.43142,2.37602,1.02221775
2019-04-15,2.47,2.46203,2.43254,2.38023,1.0224256
2019-04-16,2.47,2.46237,2.43265,2.38186,1.02249575
2019-04-17,2.5,2.4627,2.43309,2.38343,1.02256591
2019-04-18,2.5,2.46571,2.4341,2.38518,1.02263692
2019-04-22,2.46,2.4747,2.43768,2.39231,1.02292099
2019-04-23,2.46,2.47671,2.43824,2.39389,1.02299089
2019-04-24,2.44,2.47872,2.43891,2.3954,1.02306079
2019-04-25,2.45,2.48005,2.43924,2.39681,1.02313013
2019-04-26,2.46,2.48172,2.4398,2.39827,1.02319976
2019-04-29,2.48,2.47838,2.44192,2.40294,1.02340952
2019-04-30,2.76,2.47271,2.44282,2.4044,1.02348002
2019-05-01,2.54,2.47638,2.44695,2.40743,1.02355848
2019-05-02,2.5,2.47905,2.44651,2.40907,1.0236307
2019-05-03,2.43,2.48039,2.44685,2.41047,1.02370179
2019-05-06,2.42,2.47704,2.44628,2.41373,1.02390909
2019-05-07,2.44,2.47571,2.44651,2.41508,1.02397792
2019-05-08,2.43,2.47505,2.44718,2.41637,1.02404732
2019-05-09,2.41,2.47404,2.44774,2.41767,1.02411644
2019-05-10,2.4,2.47271,2.44819,2.41885,1.024185
2019-05-13,2.38,2.46836,2.44886,2.42222,1.02438984
2019-05-14,2.39,2.46636,2.44874,2.42323,1.02445756
2019-05-15,2.48,2.46469,2.44886,2.42385,1.02452558
2019-05-16,2.43,2.46503,2.44986,2.42509,1.02459615
2019-05-17,2.42,2.46369,2.44987,2.42605,1.02466531
2019-05-20,2.39,2.45569,2.44953,2.42919,1.02487195
2019-05-21,2.38,2.45202,2.44942,2.43037,1.02493999
2019-05-22,2.37,2.44801,2.44931,2.4315,1.02500775
2019-05-23,2.37,2.44501,2.44908,2.43229,1.02507523
2019-05-24,2.37,2.442,2.44875,2.43308,1.02514272
2019-05-28,2.41,2.43096,2.44785,2.43684,1.02541267
2019-05-29,2.4,2.42929,2.4483,2.43779,1.02548132
2019-05-30,2.4,2.42662,2.44628,2.43847,1.02554968
2019-05-31,2.49,2.4146,2.44651,2.43915,1.02561805
2019-06-03,2.4,2.41459,2.4502,2.44302,1.02583087
2019-06-04,2.39,2.4136,2.45042,2.44375,1.02589926
2019-06-05,2.4,2.41226,2.45053,2.44404,1.02596737
2019-06-06,2.4,2.41159,2.45076,2.4446,1.02603576
2019-06-07,2.39,2.41026,2.45087,2.44516,1.02610417
2019-06-10,2.39,2.40791,2.45098,2.44775,1.02630853
2019-06-11,2.38,2.40758,2.45098,2.44882,1.02637667
2019-06-12,2.37,2.40692,2.45076,2.44977,1.02644452
2019-06-13,2.35,2.40658,2.4502,2.45067,1.0265121
2019-06-14,2.35,2.40525,2.44897,2.45146,1.02657911
2019-06-17,2.41,2.39589,2.44584,2.45264,1.02678014
2019-06-18,2.39,2.39556,2.44573,2.45326,1.02684888
2019-06-19,2.36,2.39456,2.44483,2.45314,1.02691705
2019-06-20,2.36,2.39356,2.44394,2.45292,1.02698437
2019-06-21,2.37,2.39289,2.44349,2.4527,1.0270517
2019-06-24,2.39,2.39289,2.44248,2.45208,1.02725454
2019-06-25,2.41,2.39357,2.44237,2.4518,1.02732274
2019-06-26,2.43,2.39491,2.44248,2.45163,1.02739151
2019-06-27,2.42,2.39691,2.44248,2.45146,1.02746086
2019-06-28,2.5,2.39725,2.43992,2.45124,1.02752993
2019-07-01,2.42,2.40426,2.43701,2.44584,1.027744
2019-07-02,2.51,2.40192,2.43656,2.44173,1.02781308
2019-07-03,2.56,2.40259,2.43701,2.44066,1.02788475
2019-07-05,2.59,2.41361,2.43924,2.4419,1.02803093
2019-07-08,2.48,2.43297,2.4436,2.44465,1.02825282
2019-07-09,2.45,2.43598,2.44394,2.44482,1.02832365
2019-07-10,2.46,2.43798,2.44394,2.44494,1.02839364
2019-07-11,2.41,2.44032,2.44416,2.44522,1.02846391
2019-07-12,2.36,2.44132,2.44383,2.44522,1.02853276
2019-07-15,2.46,2.44165,2.44081,2.44415,1.02873504
2019-07-16,2.47,2.44533,2.44069,2.44432,1.02880533
2019-07-17,2.47,2.44934,2.44036,2.44465,1.02887592
2019-07-18,2.46,2.45134,2.44003,2.44494,1.02894651
2019-07-19,2.41,2.45368,2.43959,2.44517,1.02901683
2019-07-22,2.4,2.45835,2.43701,2.44505,1.02922349
2019-07-23,2.4,2.45936,2.43634,2.44505,1.0292921
2019-07-24,2.41,2.46036,2.43589,2.44499,1.02936072
2019-07-25,2.42,2.46103,2.43545,2.44505,1.02942963
2019-07-26,2.41,2.46136,2.435,2.44517,1.02949883
2019-07-29,2.4,2.45735,2.4331,2.44539,1.02970559
2019-07-30,2.39,2.45402,2.42908,2.44544,1.02977424
2019-07-31,2.55,2.45034,2.4274,2.44438,1.0298426
2019-08-01,2.19,2.45468,2.42796,2.44483,1.02991555
2019-08-02,2.19,2.444,2.42528,2.44325,1.0299782
2019-08-05,2.13,2.40593,2.41734,2.43932,1.03016617
2019-08-06,2.11,2.39057,2.41387,2.43791,1.03022712
2019-08-07,2.1,2.37454,2.4103,2.43639,1.03028751
2019-08-08,2.09,2.36185,2.40683,2.43488,1.03034761
2019-08-09,2.11,2.34983,2.40337,2.4333,1.03040742
2019-08-12,2.12,2.31977,2.39387,2.42863,1.0305886
2019-08-13,2.16,2.31176,2.39085,2.42717,1.0306493
2019-08-14,2.13,2.30508,2.38727,2.42588,1.03071113
2019-08-15,2.18,2.29406,2.38392,2.42419,1.03077212
2019-08-16,2.13,2.28437,2.38124,2.42279,1.03083454
2019-08-19,2.11,2.25265,2.37185,2.4179,1.03101751
2019-08-20,2.13,2.24264,2.36883,2.41632,1.03107794
2019-08-21,2.1,2.23329,2.36615,2.41486,1.03113894
2019-08-22,2.09,2.22327,2.36313,2.41318,1.03119909
2019-08-23,2.1,2.21292,2.36001,2.41143,1.03125896
2019-08-26,2.1,2.18153,2.35096,2.4066,1.03143943
2019-08-27,2.15,2.17118,2.34749,2.40508,1.0314996
2019-08-28,2.12,2.1625,2.3447,2.40266,1.0315612
2019-08-29,2.12,2.15315,2.34157,2.4012,1.03162195
2019-08-30,2.16,2.14413,2.33744,2.39974,1.0316827
2019-09-03,2.17,2.12809,2.32481,2.39479,1.0319303
2019-09-04,2.21,2.12742,2.32224,2.39361,1.03199251
2019-09-05,2.21,2.1301,2.32011,2.3926,1.03205586
2019-09-06,2.15,2.13343,2.3181,2.39159,1.03211922
2019-09-09,2.12,2.13844,2.31006,2.3876,1.03230414
2019-09-10,2.14,2.13878,2.30715,2.38602,1.03236493
2019-09-11,2.15,2.13978,2.30458,2.38445,1.0324263
2019-09-12,2.2,2.14078,2.30235,2.38271,1.03248796
2019-09-13,2.2,2.14212,2.30067,2.38125,1.03255105
2019-09-16,2.43,2.14745,2.29497,2.37736,1.03274035
2019-09-17,5.25,2.15747,2.29542,2.37714,1.03281006
2019-09-18,2.55,2.26166,2.32771,2.39294,1.03296068
2019-09-19,1.95,2.27635,2.32984,2.39378,1.03303385
2019-09-20,1.86,2.27034,2.32515,2.39125,1.03308981
2019-09-23,1.85,2.24663,2.30782,2.38214,1.03324993
2019-09-24,1.96,2.23828,2.30156,2.37905,1.03330303
2019-09-25,2.01,2.23361,2.29631,2.37641,1.03335929
2019-09-26,1.85,2.2306,2.29173,2.37281,1.03341699
2019-09-27,1.82,2.22058,2.28447,2.36832,1.03347009
2019-09-30,2.35,2.1892,2.26257,2.35646,1.03362684
2019-10-01,1.88,2.19555,2.26078,2.35578,1.03369431
2019-10-02,1.85,2.18621,2.25319,2.35252,1.03374829
2019-10-03,1.84,2.17585,2.24525,2.3491,1.03380141
2019-10-04,1.82,2.16484,2.23688,2.34561,1.03385425
2019-10-07,1.83,2.12777,2.2123,2.33488,1.03401105
2019-10-08,1.85,2.11709,2.20537,2.33139,1.03406362
2019-10-09,1.85,2.10707,2.19856,2.32808,1.03411675
2019-10-10,1.85,2.09806,2.1923,2.32476,1.0341699
2019-10-11,1.85,2.08837,2.18661,2.32145,1.03422304
2019-10-15,2.0,2.04329,2.16147,2.30751,1.03443563
2019-10-16,2.05,2.03662,2.15622,2.3047,1.0344931
2019-10-17,1.95,2.02393,2.15164,2.30217,1.03455201
2019-10-18,1.88,1.91376,2.1465,2.29908,1.03460805
2019-10-21,1.86,1.88972,2.12886,2.28908,1.03477014
2019-10-22,1.87,1.88972,2.12282,2.28582,1.0348236
2019-10-23,1.87,1.89006,2.11679,2.28256,1.03487735
2019-10-24,1.86,1.89072,2.11065,2.27925,1.03493111
2019-10-25,1.84,1.88739,2.10451,2.27588,1.03498458
2019-10-28,1.82,1.88204,2.08552,2.26363,1.03514328
2019-10-29,1.81,1.88204,2.07916,2.25959,1.03519561
2019-10-30,1.82,1.88171,2.07089,2.25571,1.03524766
2019-10-31,1.76,1.86402,2.06676,2.25228,1.03529999
2019-11-01,1.58,1.86001,2.06196,2.24852,1.03535061
2019-11-04,1.56,1.83431,2.04219,2.2342,1.03548693
2019-11-05,1.58,1.82563,2.03605,2.22931,1.0355318
2019-11-06,1.57,1.81762,2.03024,2.22465,1.03557725
2019-11-07,1.56,1.80894,2.02444,2.21999,1.03562241
2019-11-08,1.56,1.79926,2.0183,2.21527,1.03566729
2019-11-12,1.57,1.76054,1.99306,2.19611,1.03584681
2019-11-13,1.57,1.75119,1.98681,2.19128,1.03589198
2019-11-14,1.58,1.74185,1.98,2.18651,1.03593716
2019-11-15,1.59,1.72783,1.97386,2.1818,1.03598262
2019-11-18,1.56,1.69078,1.95599,2.16821,1.03611989
2019-11-19,1.57,1.6801,1.94963,2.16366,1.03616479
2019-11-20,1.57,1.66975,1.94371,2.15916,1.03620998
2019-11-21,1.58,1.66007,1.93791,2.15467,1.03625517
2019-11-22,1.58,1.65039,1.9321,2.15024,1.03630065
2019-11-25,1.56,1.62269,1.91469,2.13671,1.03643709
2019-11-26,1.54,1.61335,1.9081,2.13199,1.03648201
2019-11-27,1.55,1.60333,1.90162,2.12716,1.03652634
2019-11-29,1.65,1.58564,1.88846,2.11661,1.0366156
2019-12-02,1.63,1.57863,1.87138,2.10353,1.03675814
2019-12-03,1.55,1.5803,1.86535,2.09921,1.03680508
2019-12-04,1.54,1.5793,1.85798,2.09444,1.03684972
2019-12-05,1.55,1.57863,1.85051,2.08967,1.03689407
2019-12-06,1.55,1.57763,1.84381,2.08495,1.03693872
2019-12-09,1.56,1.5763,1.82405,2.07086,1.03707265
2019-12-10,1.55,1.5763,1.81758,2.06632,1.03711759
2019-12-11,1.54,1.57597,1.81088,2.06183,1.03716225
2019-12-12,1.53,1.5753,1.80352,2.05728,1.03720661
2019-12-13,1.54,1.57397,1.79604,2.05268,1.0372507
2019-12-16,1.62,1.56996,1.77138,2.03848,1.03738381
2019-12-17,1.54,1.57096,1.73087,2.03433,1.03743049
2019-12-18,1.53,1.56929,1.7196,2.02973,1.03747487
2019-12-19,1.53,1.56829,1.71492,2.02502,1.03751896
2019-12-20,1.53,1.56696,1.71124,2.0203,1.03756306
2019-12-23,1.52,1.56228,1.7003,2.00582,1.03769535
2019-12-24,1.52,1.56028,1.69539,2.00072,1.03773916
2019-12-26,1.52,1.55694,1.68624,1.99017,1.03782679
2019-12-27,1.53,1.55628,1.6829,1.98467,1.03787061
2019-12-30,1.54,1.55094,1.66728,1.96874,1.03800294
2019-12-31,1.55,1.54727,1.66348,1.96302,1.03804734
2020-01-02,1.54,1.54126,1.6569,1.95152,1.03813673
2020-01-03,1.55,1.54092,1.65378,1.94563,1.03818114
2020-01-06,1.55,1.54126,1.64463,1.92953,1.03831524
2020-01-07,1.56,1.54126,1.64128,1.92443,1.03835994
2020-01-08,1.55,1.54159,1.63805,1.91966,1.03840494
2020-01-09,1.55,1.54126,1.6347,1.91512,1.03844965
2020-01-10,1.55,1.54126,1.63135,1.91058,1.03849436
2020-01-13,1.54,1.54259,1.62132,1.89577,1.0386285
2020-01-14,1.55,1.54259,1.61618,1.89056,1.03867293
2020-01-15,1.56,1.54293,1.61061,1.88545,1.03871765
2020-01-16,1.55,1.54092,1.60626,1.88069,1.03876266
2020-01-17,1.54,1.54126,1.60258,1.87587,1.03880739
2020-01-21,1.54,1.54259,1.58774,1.85647,1.03898514
2020-01-22,1.54,1.54292,1.58406,1.85153,1.03902958
2020-01-23,1.54,1.54359,1.58049,1.84666,1.03907403
2020-01-24,1.53,1.54426,1.57714,1.84178,1.03911848
2020-01-27,1.53,1.54492,1.56699,1.82715,1.03925097
2020-01-28,1.53,1.54493,1.56387,1.82143,1.03929513
2020-01-29,1.53,1.54493,1.56063,1.81773,1.0393393
2020-01-30,1.58,1.54459,1.55807,1.81403,1.03938348
2020-01-31,1.6,1.5456,1.55807,1.81061,1.03942909
2020-02-03,1.59,1.55093,1.55896,1.80147,1.03956768
2020-02-04,1.6,1.55227,1.55907,1.79861,1.0396136
2020-02-05,1.59,1.55394,1.55941,1.79587,1.0396598
2020-02-06,1.59,1.55527,1.55974,1.79295,1.03970572
2020-02-07,1.58,1.55627,1.56008,1.79004,1.03975164
2020-02-10,1.58,1.55928,1.56075,1.78079,1.03988854
2020-02-11,1.58,1.56028,1.56086,1.77771,1.03993418
2020-02-12,1.57,1.56128,1.56097,1.77435,1.03997982
2020-02-13,1.57,1.56228,1.56086,1.77121,1.04002518
2020-02-14,1.58,1.56295,1.56064,1.76807,1.04007054
2020-02-18,1.6,1.56729,1.56074,1.75602,1.04025313
2020-02-19,1.59,1.56929,1.56108,1.75327,1.04029936
2020-02-20,1.6,1.57096,1.56119,1.75042,1.04034531
2020-02-21,1.58,1.57296,1.56142,1.74762,1.04039154
2020-02-24,1.58,1.5773,1.56164,1.73859,1.04052853
2020-02-25,1.59,1.57897,1.56208,1.73557,1.0405742
2020-02-26,1.58,1.58097,1.56253,1.7326,1.04062015
2020-02-27,1.58,1.58264,1.56286,1.72935,1.04066583
2020-02-28,1.6,1.58431,1.56209,1.7261,1.0407115
2020-03-02,1.59,1.58731,1.56063,1.7166299999999999,1.04085026
2020-03-03,1.64,1.5869799999999998,1.56108,1.7131599999999998,1.04089623
2020-03-04,1.23,1.58831,1.5622,1.70996,1.04094365
2020-03-05,1.12,1.5763,1.55863,1.70481,1.04097922
2020-03-06,1.1,1.56028,1.5538299999999998,1.69904,1.0410116
2020-03-09,1.09,1.51155,1.5386600000000001,1.6816200000000001,1.04110703
2020-03-10,1.11,1.4952,1.5335299999999998,1.6756799999999998,1.04113855
2020-03-11,1.15,1.4795200000000002,1.52874,1.66957,1.04117065
2020-03-12,1.2,1.46517,1.5245,1.6636900000000001,1.04120391
2020-03-13,1.1,1.45248,1.52071,1.65809,1.04123862
2020-03-16,0.26,1.4051,1.50509,1.62124,1.04133407
2020-03-17,0.54,1.36105,1.49082,1.6084200000000002,1.04134159
2020-03-18,0.1,1.32635,1.4797799999999999,1.6005200000000002,1.04135721
2020-03-19,0.06,1.2769700000000002,1.46383,1.59066,1.0413601
2020-03-20,0.04,1.22558,1.44744,1.58059,1.04136184
2020-03-23,0.02,1.07044,1.39771,1.54951,1.04136531
2020-03-24,0.01,1.0184,1.38099,1.53837,1.04136588
2020-03-25,0.01,0.9660200000000001,1.36415,1.52807,1.04136617
2020-03-26,0.01,0.91365,1.34732,1.51794,1.04136646
2020-03-27,0.01,0.86095,1.33037,1.50781,1.04136675
2020-03-30,0.01,0.70318,1.2794299999999998,1.47412,1.04136762
2020-03-31,0.01,0.6501600000000001,1.26227,1.4638200000000001,1.04136791
2020-04-01,0.01,0.59713,1.2451,1.4535799999999999,1.0413682
2020-04-02,0.01,0.5444399999999999,1.22805,1.44345,1.04136849
2020-04-03,0.01,0.49008999999999997,1.21089,1.43333,1.04136878
2020-04-06,0.01,0.37605,1.15941,1.40272,1.04136965
2020-04-07,0.01,0.33971,1.1421299999999999,1.3924299999999998,1.04136993
2020-04-08,0.01,0.30336,1.1249799999999999,1.38214,1.04137022
2020-04-09,0.01,0.26736,1.10782,1.37184,1.04137051
2020-04-13,0.02,0.11667000000000001,1.0393,1.32984,1.04137167
2020-04-14,0.06,0.08067,1.02226,1.31849,1.04137225
2020-04-15,0.03,0.046,1.00555,1.30792,1.04137398
2020-04-16,0.03,0.03833,0.98862,1.29758,1.04137485
2020-04-17,0.03,0.021330000000000002,0.9718,1.28724,1.04137572
2020-04-20,0.02,0.017669999999999998,0.9213600000000001,1.2563799999999998,1.04137832
2020-04-21,0.01,0.017,0.90443,1.24603,1.0413789
2020-04-22,0.01,0.016,0.88739,1.23569,1.04137919
2020-04-23,0.01,0.01567,0.87035,1.22546,1.04137948
2020-04-24,0.03,0.01567,0.8534299999999999,1.2152399999999999,1.04137977
2020-04-27,0.03,0.017669999999999998,0.80333,1.18517,1.04138237
2020-04-28,0.01,0.018330000000000003,0.78663,1.17517,1.04138324
2020-04-29,0.01,0.018330000000000003,0.76971,1.16539,1.04138353
2020-04-30,0.04,0.018330000000000003,0.7522300000000001,1.15662,1.04138382
2020-05-01,0.03,0.01933,0.73487,1.14801,1.04138498
2020-05-04,0.05,0.021330000000000002,0.68255,1.12214,1.04138758
2020-05-05,0.05,0.02267,0.6653,1.11365,1.04138903
2020-05-06,0.05,0.024,0.6481600000000001,1.10522,1.04139047
2020-05-07,0.05,0.025330000000000002,0.63103,1.0967799999999999,1.04139192
2020-05-08,0.06,0.02667,0.614,1.08835,1.04139337
2020-05-11,0.06,0.03167,0.56326,1.06316,1.04139857
2020-05-12,0.06,0.03333,0.54635,1.05473,1.04140031
2020-05-13,0.04,0.035,0.52955,1.04624,1.04140204
2020-05-14,0.02,0.03567,0.51253,1.03758,1.0414032
2020-05-15,0.05,0.03433,0.49518,1.02882,1.04140378
2020-05-18,0.04,0.03633,0.44411999999999996,1.0033,1.04140812
2020-05-19,0.04,0.03667,0.42677,0.9947600000000001,1.04140928
2020-05-20,0.01,0.037,0.40953,0.98616,1.04141043
2020-05-21,0.02,0.03667,0.39184,0.97739,1.04141072
2020-05-22,0.04,0.037,0.3745,0.9686899999999999,1.0414113
2020-05-26,0.06,0.03967,0.30588000000000004,0.93481,1.04141593
2020-05-27,0.06,0.04067,0.28898,0.9264899999999999,1.04141767
2020-05-28,0.06,0.04167,0.27208000000000004,0.9176200000000001,1.0414194
2020-05-29,0.06,0.04333,0.25495999999999996,0.90874,1.04142114
2020-06-01,0.06,0.046669999999999996,0.20371,0.88279,1.04142634
2020-06-02,0.07,0.04767,0.18615,0.87454,1.04142808
2020-06-03,0.06,0.049,0.17326,0.8662799999999999,1.0414301
2020-06-04,0.07,0.04933,0.16147,0.8579700000000001,1.04143184
2020-06-05,0.07,0.05,0.15002000000000001,0.8497100000000001,1.04143386
2020-06-08,0.07,0.05167000000000001,0.11579,0.82488,1.04143994
2020-06-09,0.08,0.052,0.10422999999999999,0.8166800000000001,1.04144196
2020-06-10,0.07,0.05267,0.09233999999999999,0.8086,1.04144428
2020-06-11,0.08,0.053,0.07977999999999999,0.8004,1.0414463
2020-06-12,0.08,0.05367,0.06845,0.79225,1.04144862
2020-06-15,0.09,0.058,0.04378,0.7673800000000001,1.04145556
2020-06-16,0.09,0.059329999999999994,0.03878,0.75935,1.04145817
2020-06-17,0.09,0.06067,0.038669999999999996,0.75132,1.04146077
2020-06-18,0.09,0.062329999999999997,0.039,0.74329,1.04146337
2020-06-19,0.09,0.064,0.039560000000000005,0.73526,1.04146598
2020-06-22,0.08,0.07067000000000001,0.04145,0.71129,1.04147379
2020-06-23,0.07,0.072,0.04222,0.70326,1.0414761
2020-06-24,0.08,0.073,0.04289,0.69518,1.04147813
2020-06-25,0.09,0.07434,0.04367,0.68709,1.04148044
2020-06-26,0.08,0.07534,0.04456,0.67907,1.04148304
2020-06-29,0.08,0.07733999999999999,0.04689,0.65465,1.04148999
2020-06-30,0.1,0.078,0.04767,0.64646,1.0414923
2020-07-01,0.11,0.07934,0.04867,0.63843,1.0414952
2020-07-02,0.11,0.081,0.04978,0.63041,1.04149838
2020-07-06,0.1,0.08667000000000001,0.054229999999999993,0.59826,1.04151111
2020-07-07,0.1,0.08767,0.055229999999999994,0.59018,1.041514
2020-07-08,0.1,0.08867,0.056229999999999995,0.5821,1.04151689
2020-07-09,0.1,0.08967,0.057229999999999996,0.57402,1.04151979
2020-07-10,0.1,0.09034,0.05823,0.56594,1.04152268
2020-07-13,0.1,0.09267,0.06112000000000001,0.54177,1.04153136
2020-07-14,0.11,0.09333999999999999,0.061560000000000004,0.53363,1.04153425
2020-07-15,0.13,0.09434,0.06245,0.52561,1.04153743
2020-07-16,0.12,0.09567,0.06356,0.51776,1.0415412
2020-07-17,0.12,0.09667,0.06456,0.50985,1.04154467
2020-07-20,0.12,0.09967000000000001,0.06767000000000001,0.48613,1.04155508
2020-07-21,0.11,0.10067000000000001,0.06888999999999999,0.47822,1.04155855
2020-07-22,0.1,0.10134,0.07001,0.47026,1.04156174
2020-07-23,0.1,0.102,0.07101,0.46229,1.04156463
2020-07-24,0.1,0.103,0.07178,0.45433,1.04156752
2020-07-27,0.1,0.10467,0.07412,0.43045,1.0415762
2020-07-28,0.1,0.10534,0.07512,0.42249,1.0415791
2020-07-29,0.09,0.106,0.07612000000000001,0.41425,1.04158199
2020-07-30,0.1,0.10634,0.07667,0.40584000000000003,1.04158459
2020-07-31,0.1,0.10634,0.07745,0.39749,1.04158749
2020-08-03,0.1,0.10534,0.07956,0.3725,1.04159617
2020-08-04,0.09,0.105,0.08012000000000001,0.36421,1.04159906
2020-08-05,0.09,0.10434,0.08056,0.35586,1.04160166
2020-08-06,0.09,0.104,0.08101,0.34757,1.04160427
2020-08-07,0.09,0.10367,0.08134,0.33928,1.04160687
2020-08-10,0.09,0.10267000000000001,0.08234,0.3144,1.04161468
2020-08-11,0.1,0.10234,0.08267999999999999,0.30617,1.04161729
2020-08-12,0.09,0.10234,0.08334,0.29799000000000003,1.04162018
2020-08-13,0.09,0.102,0.08412,0.2897,1.04162279
2020-08-14,0.09,0.10134,0.08456,0.28141,1.04162539
2020-08-17,0.1,0.098,0.08601,0.25643,1.0416332
2020-08-18,0.09,0.09734,0.08668,0.24815,1.0416361
2020-08-19,0.09,0.09634,0.08756,0.23975,1.0416387
2020-08-20,0.07,0.09534,0.08834,0.23146,1.0416413
2020-08-21,0.07,0.094,0.08868,0.22305999999999998,1.04164333
2020-08-24,0.08,0.091,0.08968,0.19780999999999999,1.04164941
2020-08-25,0.08,0.09034,0.0899,0.18947,1.04165172
2020-08-26,0.07,0.08967,0.09012,0.18112999999999999,1.04165404
2020-08-27,0.07,0.08867,0.09022999999999999,0.17263,1.04165606
2020-08-28,0.07,0.08767,0.09034,0.16412000000000002,1.04165809
2020-08-31,0.09,0.085,0.09068,0.13843,1.04166416
2020-09-01,0.09,0.08467000000000001,0.0909,0.1321,1.04166677
2020-09-02,0.09,0.08434,0.09122999999999999,0.12637,1.04166937
2020-09-03,0.1,0.084,0.09145,0.12075999999999999,1.04167197
2020-09-04,0.09,0.08434,0.09179,0.1152,1.04167487
2020-09-08,0.09,0.08434,0.09257,0.09246,1.04168529
2020-09-09,0.09,0.08434,0.09279,0.0863,1.04168789
2020-09-10,0.09,0.08434,0.0929,0.08068,1.04169049
2020-09-11,0.09,0.084,0.09301,0.07507,1.0416931
2020-09-14,0.09,0.084,0.09323,0.06601,1.04170091
2020-09-15,0.1,0.084,0.09323,0.06596,1.04170351
2020-09-16,0.1,0.08434,0.09333999999999999,0.06617999999999999,1.04170641
2020-09-17,0.1,0.08434,0.09346,0.06651,1.0417093
2020-09-18,0.09,0.08467000000000001,0.09357,0.06684,1.0417122
2020-09-21,0.08,0.086,0.09368,0.06796,1.04172001
2020-09-22,0.07,0.08634,0.09379,0.06834,1.04172232
2020-09-23,0.06,0.08634,0.09368,0.06867999999999999,1.04172435
2020-09-24,0.07,0.08567000000000001,0.09333999999999999,0.06896000000000001,1.04172609
2020-09-25,0.08,0.08534,0.09323,0.06929,1.04172811
2020-09-28,0.08,0.08634,0.09323,0.07046000000000001,1.04173506
2020-09-29,0.07,0.08667000000000001,0.09301,0.07085,1.04173737
2020-09-30,0.08,0.08667000000000001,0.09257,0.07118,1.0417394
2020-10-01,0.08,0.08634,0.09222999999999999,0.07157000000000001,1.04174171
2020-10-02,0.1,0.086,0.0919,0.07196,1.04174403
2020-10-05,0.09,0.08667000000000001,0.09168,0.07346,1.04175271
2020-10-06,0.1,0.08667000000000001,0.09157,0.0739,1.04175531
2020-10-07,0.09,0.087,0.09157,0.0744,1.04175821
2020-10-08,0.08,0.087,0.09145,0.07485,1.04176081
2020-10-09,0.09,0.08667000000000001,0.09122999999999999,0.07524,1.04176312
2020-10-13,0.09,0.08667000000000001,0.09068,0.07657,1.04177354
2020-10-14,0.09,0.08667000000000001,0.09022999999999999,0.0769,1.04177615
2020-10-15,0.1,0.08667000000000001,0.0899,0.07724,1.04177875
2020-10-16,0.09,0.08667000000000001,0.08968,0.07762999999999999,1.04178165
2020-10-19,0.09,0.086,0.08868,0.07879,1.04178946
2020-10-20,0.08,0.086,0.08845,0.07923999999999999,1.04179206
2020-10-21,0.07,0.08567000000000001,0.08822999999999999,0.07962999999999999,1.04179438
2020-10-22,0.07,0.08534,0.0879,0.07985,1.0417964
2020-10-23,0.08,0.08534,0.08756,0.08007,1.04179843
2020-10-26,0.09,0.08634,0.0869,0.08102000000000001,1.04180537
2020-10-27,0.09,0.08667000000000001,0.08678999999999999,0.08146,1.04180798
2020-10-28,0.08,0.087,0.08678999999999999,0.08174,1.04181058
2020-10-29,0.09,0.087,0.08656,0.08202000000000001,1.0418129
2020-10-30,0.09,0.08767,0.08645,0.08235,1.0418155
2020-11-02,0.11,0.088,0.08612,0.08313,1.04182332
2020-11-03,0.1,0.08834,0.08634,0.08346,1.0418265
2020-11-04,0.1,0.08834,0.08645,0.08374,1.04182939
2020-11-05,0.11,0.08867,0.08656,0.08396,1.04183229
2020-11-06,0.1,0.089,0.08678999999999999,0.08424,1.04183547
2020-11-09,0.1,0.09034,0.08712,0.08491,1.04184415
2020-11-10,0.1,0.09067,0.08712,0.08524,1.04184705
2020-11-12,0.09,0.09134,0.08734,0.08596000000000001,1.04185284
2020-11-13,0.09,0.09134,0.08734,0.08619,1.04185544
2020-11-16,0.1,0.091,0.08723,0.08696,1.04186325
2020-11-17,0.09,0.09134,0.08734,0.08746,1.04186615
2020-11-18,0.07,0.09134,0.08734,0.08785,1.04186875
2020-11-19,0.06,0.09067,0.08734,0.08802,1.04187078
2020-11-20,0.05,0.09,0.08723,0.08813,1.04187252
2020-11-23,0.05,0.08767,0.08645,0.08819,1.04187686
2020-11-24,0.07,0.08667000000000001,0.08612,0.08813,1.0418783
2020-11-25,0.08,0.08634,0.08612,0.08819,1.04188033
2020-11-27,0.08,0.08567000000000001,0.08634,0.08841,1.04188496
2020-11-30,0.09,0.085,0.08645,0.08868999999999999,1.04189191
2020-12-01,0.08,0.085,0.08645,0.08885,1.04189451
2020-12-02,0.08,0.08467000000000001,0.08634,0.08891,1.04189683
2020-12-03,0.08,0.08367000000000001,0.08612,0.08896,1.04189914
2020-12-04,0.09,0.083,0.08601,0.08902,1.04190146
2020-12-07,0.08,0.08167,0.08601,0.0893,1.04190927
2020-12-08,0.07,0.081,0.0859,0.08935,1.04191159
2020-12-09,0.08,0.08,0.08567999999999999,0.0893,1.04191361
2020-12-10,0.08,0.07934,0.08556,0.0893,1.04191593
2020-12-11,0.08,0.07867,0.08545,0.0893,1.04191824
2020-12-14,0.08,0.07733999999999999,0.08512,0.08918999999999999,1.04192519
2020-12-15,0.09,0.077,0.0849,0.08913,1.0419275
2020-12-16,0.09,0.077,0.08479,0.08913,1.04193011
2020-12-17,0.09,0.07667,0.08467999999999999,0.08913,1.04193271
2020-12-18,0.09,0.07667,0.08467999999999999,0.08913,1.04193532
2020-12-21,0.09,0.07967,0.08479,0.0893,1.04194313
2020-12-22,0.07,0.081,0.08501,0.08935,1.04194574
2020-12-23,0.06,0.08167,0.08512,0.08924,1.04194776
2020-12-24,0.08,0.082,0.08501,0.08913,1.0419495
2020-12-28,0.09,0.08234,0.08501,0.08902,1.04195876
2020-12-29,0.1,0.08267000000000001,0.08523,0.08891,1.04196137
2020-12-30,0.09,0.08334,0.08545,0.08885,1.04196426
2020-12-31,0.07,0.08334,0.08556,0.08874,1.04196687
2021-01-04,0.1,0.08167,0.08434,0.08796,1.04197497
2021-01-05,0.11,0.082,0.08434,0.08796,1.04197787
2021-01-06,0.1,0.08267000000000001,0.08456,0.08802,1.04198105
2021-01-07,0.1,0.08334,0.08479,0.08802,1.04198394
2021-01-08,0.09,0.08434,0.0849,0.08802,1.04198684
2021-01-11,0.09,0.08534,0.0849,0.0878,1.04199465
2021-01-12,0.08,0.08567000000000001,0.0849,0.08757000000000001,1.04199726
2021-01-13,0.08,0.08567000000000001,0.08479,0.08735,1.04199957
2021-01-14,0.08,0.08567000000000001,0.08456,0.08713,1.04200189
2021-01-15,0.08,0.08534,0.08445,0.08691,1.0420042
2021-01-19,0.07,0.084,0.08412,0.08619,1.04201347
2021-01-20,0.06,0.08334,0.08412,0.08602,1.04201549
2021-01-21,0.04,0.08234,0.08401,0.0858,1.04201723
2021-01-22,0.05,0.08134,0.08356,0.08546000000000001,1.04201839
2021-01-25,0.06,0.079,0.08245,0.08463,1.04202273
2021-01-26,0.03,0.07833999999999999,0.08212,0.08446000000000001,1.04202447
2021-01-27,0.03,0.07667,0.08156000000000001,0.08407,1.04202533
2021-01-28,0.04,0.07467,0.0809,0.08367999999999999,1.0420262
2021-01-29,0.06,0.07267,0.08034,0.08335,1.04202736
2021-02-01,0.07,0.071,0.07912000000000001,0.08274,1.04203257
2021-02-02,0.07,0.071,0.07879,0.08263,1.0420346
2021-02-03,0.07,0.071,0.07845,0.08252000000000001,1.04203662
2021-02-04,0.05,0.07,0.07801,0.08241,1.04203865
2021-02-05,0.02,0.068,0.07745,0.08217999999999999,1.0420401
2021-02-08,0.02,0.060329999999999995,0.07478,0.08096,1.04204183
2021-02-09,0.05,0.058,0.0739,0.08057,1.04204241
2021-02-10,0.06,0.056670000000000005,0.07334,0.08035,1.04204386
2021-02-11,0.06,0.055670000000000004,0.07301,0.08018,1.0420456
2021-02-12,0.05,0.055,0.07267,0.08002000000000001,1.04204733
2021-02-16,0.06,0.051,0.07078,0.07907,1.04205312
2021-02-17,0.06,0.05033,0.07067000000000001,0.07902,1.04205486
2021-02-18,0.03,0.04967,0.07067000000000001,0.07896,1.0420566
2021-02-19,0.02,0.04833,0.07045,0.07874,1.04205746
2021-02-22,0.03,0.04533,0.06945,0.07779,1.0420592
2021-02-23,0.01,0.04467,0.06901,0.07757,1.04206007
2021-02-24,0.02,0.04333,0.06823,0.07724,1.04206036
2021-02-25,0.03,0.042,0.06756000000000001,0.07696,1.04206094
2021-02-26,0.01,0.042,0.06701,0.07674,1.04206181
2021-03-01,0.02,0.038669999999999996,0.06456,0.07551000000000001,1.04206267
2021-03-02,0.04,0.03733,0.06389,0.07513,1.04206325
2021-03-03,0.04,0.03667,0.06345,0.07479,1.04206441
2021-03-04,0.02,0.03567,0.063,0.07451,1.04206557
2021-03-05,0.02,0.034,0.062229999999999994,0.07412,1.04206615
2021-03-08,0.02,0.031330000000000004,0.06,0.07296,1.04206788
2021-03-09,0.02,0.031330000000000004,0.05945,0.07257000000000001,1.04206846
2021-03-10,0.02,0.031330000000000004,0.05878,0.07218,1.04206904
2021-03-11,0.01,0.031330000000000004,0.058120000000000005,0.07178999999999999,1.04206962
2021-03-12,0.01,0.03,0.057339999999999995,0.07135,1.04206991
2021-03-15,0.01,0.025330000000000002,0.055,0.06996000000000001,1.04207078
2021-03-16,0.01,0.024,0.054110000000000005,0.06946000000000001,1.04207107
2021-03-17,0.01,0.02267,0.05322999999999999,0.06896000000000001,1.04207136
2021-03-18,0.01,0.021330000000000002,0.05234,0.06851,1.04207165
2021-03-19,0.01,0.01967,0.05145,0.06807,1.04207194
2021-03-22,0.01,0.017,0.048780000000000004,0.0669,1.04207281
2021-03-23,0.01,0.016669999999999997,0.04811,0.06662,1.04207309
2021-03-24,0.01,0.01633,0.047560000000000005,0.06629,1.04207338
2021-03-25,0.01,0.01567,0.04678,0.0659,1.04207367
2021-03-26,0.01,0.01567,0.046,0.06551,1.04207396
2021-03-29,0.01,0.014669999999999999,0.04356,0.0644,1.04207483
2021-03-30,0.01,0.014669999999999999,0.04256,0.06401,1.04207512
2021-03-31,0.01,0.014669999999999999,0.04167,0.06362000000000001,1.04207541
2021-04-01,0.01,0.01433,0.041,0.06312000000000001,1.0420757
2021-04-05,0.01,0.01167,0.038,0.06118,1.04207686
2021-04-06,0.01,0.01133,0.03689,0.06072999999999999,1.04207715
2021-04-07,0.01,0.011,0.03589,0.06034,1.04207744
2021-04-08,0.01,0.01067,0.03489,0.0599,1.04207773
2021-04-09,0.01,0.010329999999999999,0.034,0.05945,1.04207802
2021-04-12,0.01,0.01,0.031330000000000004,0.058120000000000005,1.04207888
2021-04-13,0.01,0.01,0.030560000000000004,0.057670000000000006,1.04207917
2021-04-14,0.01,0.01,0.02978,0.057170000000000006,1.04207946
2021-04-15,0.01,0.01,0.029,0.056729999999999996,1.04207975
2021-04-16,0.01,0.01,0.02822,0.05629,1.04208004
2021-04-19,0.01,0.01,0.025889999999999996,0.05501,1.04208091
2021-04-20,0.01,0.01,0.02522,0.05467,1.0420812
2021-04-21,0.01,0.01,0.024669999999999997,0.05434,1.04208149
2021-04-22,0.01,0.01,0.02433,0.05395,1.04208178
2021-04-23,0.01,0.01,0.02389,0.05356,1.04208207
2021-04-26,0.01,0.01,0.02245,0.05227999999999999,1.04208294
2021-04-27,0.01,0.01,0.02222,0.0519,1.04208323
2021-04-28,0.01,0.01,0.022,0.05145,1.04208352
2021-04-29,0.01,0.01,0.02167,0.05101,1.04208381
2021-04-30,0.01,0.01,0.02111,0.05056,1.04208409
2021-05-03,0.01,0.01,0.01933,0.04906,1.04208496
2021-05-04,0.01,0.01,0.01867,0.04856,1.04208525
2021-05-05,0.01,0.01,0.018,0.048010000000000004,1.04208554
2021-05-06,0.01,0.01,0.01756,0.047510000000000004,1.04208583
2021-05-07,0.01,0.01,0.01744,0.04701,1.04208612
2021-05-10,0.01,0.01,0.01711,0.04551,1.04208699
2021-05-11,0.01,0.01,0.016669999999999997,0.045,1.04208728
2021-05-12,0.01,0.01,0.01611,0.04456,1.04208757
2021-05-13,0.01,0.01,0.01556,0.04412,1.04208786
2021-05-14,0.01,0.01,0.01511,0.04367,1.04208815
2021-05-17,0.01,0.01,0.01378,0.04228,1.04208902
2021-05-18,0.01,0.01,0.013219999999999999,0.04195,1.04208931
2021-05-19,0.01,0.01,0.01267,0.04167,1.04208959
2021-05-20,0.01,0.01,0.012440000000000001,0.04145,1.04208988
2021-05-21,0.01,0.01,0.012329999999999999,0.04123,1.04209017
2021-05-24,0.01,0.01,0.011890000000000001,0.04045,1.04209104
2021-05-25,0.01,0.01,0.011890000000000001,0.040060000000000005,1.04209133
2021-05-26,0.01,0.01,0.01178,0.03967,1.04209162
2021-05-27,0.01,0.01,0.011559999999999999,0.03928,1.04209191
2021-05-28,0.01,0.01,0.011559999999999999,0.03889,1.0420922
2021-06-01,0.01,0.01,0.01111,0.03728,1.04209336
2021-06-02,0.01,0.01,0.01078,0.03689,1.04209365
2021-06-03,0.01,0.01,0.01067,0.03645,1.04209394
2021-06-04,0.01,0.01,0.01056,0.036,1.04209423
2021-06-07,0.01,0.01,0.01022,0.034839999999999996,1.04209509
2021-06-08,0.01,0.01,0.01011,0.03445,1.04209538
2021-06-09,0.01,0.01,0.01,0.03406,1.04209567
2021-06-10,0.01,0.01,0.01,0.03367,1.04209596
2021-06-11,0.01,0.01,0.01,0.033280000000000004,1.04209625
2021-06-14,0.01,0.01,0.01,0.032060000000000005,1.04209712
2021-06-15,0.01,0.01,0.01,0.03161,1.04209741
2021-06-16,0.01,0.01,0.01,0.03117,1.0420977
2021-06-17,0.05,0.01,0.01,0.030719999999999997,1.04209799
2021-06-18,0.05,0.01133,0.010440000000000001,0.0305,1.04209944
2021-06-21,0.05,0.015330000000000002,0.01178,0.02995,1.04210378
2021-06-22,0.05,0.016669999999999997,0.01222,0.029889999999999996,1.04210523
2021-06-23,0.05,0.018,0.01267,0.02972,1.04210667
2021-06-24,0.05,0.01933,0.01311,0.029560000000000003,1.04210812
2021-06-25,0.05,0.020669999999999997,0.01356,0.02939,1.04210957
2021-06-28,0.05,0.024669999999999997,0.01489,0.02872,1.04211391
2021-06-29,0.05,0.026,0.015330000000000002,0.0285,1.04211536
2021-06-30,0.05,0.02733,0.015780000000000002,0.02839,1.0421168
2021-07-01,0.05,0.028669999999999998,0.01622,0.02828,1.04211825
2021-07-02,0.05,0.03,0.016669999999999997,0.02817,1.0421197
2021-07-06,0.05,0.03533,0.01844,0.02717,1.04212549
2021-07-07,0.05,0.03667,0.01889,0.026889999999999997,1.04212694
2021-07-08,0.05,0.038,0.01933,0.02667,1.04212838
2021-07-09,0.05,0.039330000000000004,0.019780000000000002,0.02645,1.04212983
2021-07-12,0.05,0.04333,0.02111,0.025830000000000002,1.04213417
2021-07-13,0.05,0.04467,0.02156,0.02567,1.04213562
2021-07-14,0.05,0.046,0.022,0.0255,1.04213707
2021-07-15,0.05,0.047330000000000004,0.02245,0.025330000000000002,1.04213852
2021-07-16,0.05,0.04867,0.02289,0.025169999999999998,1.04213996
2021-07-19,0.05,0.05,0.02422,0.02472,1.04214431
2021-07-20,0.05,0.05,0.024669999999999997,0.024669999999999997,1.04214575
2021-07-21,0.05,0.05,0.02511,0.02472,1.0421472
2021-07-22,0.05,0.05,0.02556,0.02472,1.04214865
2021-07-23,0.05,0.05,0.026,0.02472,1.0421501
2021-07-26,0.05,0.05,0.02733,0.02478,1.04215444
2021-07-27,0.05,0.05,0.027780000000000003,0.02489,1.04215589
2021-07-28,0.05,0.05,0.02822,0.02495,1.04215733
2021-07-29,0.05,0.05,0.028669999999999998,0.02489,1.04215878
2021-07-30,0.05,0.05,0.029110000000000004,0.02483,1.04216023
2021-08-02,0.05,0.05,0.03045,0.02456,1.04216457
2021-08-03,0.05,0.05,0.030889999999999997,0.02445,1.04216602
2021-08-04,0.05,0.05,0.031330000000000004,0.02445,1.04216746
2021-08-05,0.05,0.05,0.03178,0.02461,1.04216891
2021-08-06,0.05,0.05,0.03222,0.02478,1.04217036
2021-08-09,0.05,0.05,0.03356,0.02511,1.0421747
2021-08-10,0.05,0.05,0.034,0.02506,1.04217615
2021-08-11,0.05,0.05,0.03445,0.025,1.0421776
2021-08-12,0.05,0.05,0.03489,0.025,1.04217904
2021-08-13,0.05,0.05,0.03533,0.025,1.04218049
2021-08-16,0.05,0.05,0.03667,0.02495,1.04218483
2021-08-17,0.05,0.05,0.037110000000000004,0.02489,1.04218628
2021-08-18,0.05,0.05,0.03756,0.025,1.04218773
2021-08-19,0.05,0.05,0.038,0.025169999999999998,1.04218918
2021-08-20,0.05,0.05,0.03845,0.025330000000000002,1.04219062
2021-08-23,0.05,0.05,0.03978,0.025830000000000002,1.04219497
2021-08-24,0.05,0.05,0.04022,0.026,1.04219641
2021-08-25,0.05,0.05,0.04067,0.02611,1.04219786
2021-08-26,0.05,0.05,0.04111,0.02634,1.04219931
2021-08-27,0.05,0.05,0.04156,0.026560000000000004,1.04220076
2021-08-30,0.05,0.05,0.04289,0.027,1.0422051
2021-08-31,0.05,0.05,0.04334,0.02706,1.04220655
2021-09-01,0.05,0.05,0.04378,0.027219999999999998,1.04220799
2021-09-02,0.05,0.05,0.044219999999999995,0.027389999999999998,1.04220944
2021-09-03,0.05,0.05,0.04467,0.02756,1.04221089
2021-09-07,0.05,0.05,0.04645,0.02822,1.04221668
2021-09-08,0.05,0.05,0.04689,0.02845,1.04221813
2021-09-09,0.05,0.05,0.04734,0.028669999999999998,1.04221957
2021-09-10,0.05,0.05,0.04778,0.02889,1.04222102
2021-09-13,0.05,0.05,0.04911,0.029560000000000003,1.04222536
2021-09-14,0.05,0.05,0.04956,0.02978,1.04222681
2021-09-15,0.05,0.05,0.05,0.03,1.04222826
2021-09-16,0.05,0.05,0.05,0.03022,1.04222971
2021-09-17,0.05,0.05,0.05,0.03045,1.04223115
2021-09-20,0.05,0.05,0.05,0.031110000000000002,1.0422355
2021-09-21,0.05,0.05,0.05,0.03134,1.04223694
2021-09-22,0.05,0.05,0.05,0.031560000000000005,1.04223839
2021-09-23,0.05,0.05,0.05,0.03178,1.04223984
2021-09-24,0.05,0.05,0.05,0.032,1.04224129
2021-09-27,0.05,0.05,0.05,0.03267,1.04224563
2021-09-28,0.05,0.05,0.05,0.032889999999999996,1.04224708
2021-09-29,0.05,0.05,0.05,0.03311,1.04224853
2021-09-30,0.05,0.05,0.05,0.033339999999999995,1.04224997
2021-10-01,0.05,0.05,0.05,0.03356,1.04225142
2021-10-04,0.05,0.05,0.05,0.034230000000000003,1.04225576
2021-10-05,0.05,0.05,0.05,0.03445,1.04225721
2021-10-06,0.05,0.05,0.05,0.03467,1.04225866
2021-10-07,0.05,0.05,0.05,0.03489,1.04226011
2021-10-08,0.05,0.05,0.05,0.03511,1.04226155
2021-10-12,0.05,0.05,0.05,0.036,1.04226734
2021-10-13,0.05,0.05,0.05,0.03623,1.04226879
2021-10-14,0.05,0.05,0.05,0.03645,1.04227024
2021-10-15,0.05,0.05,0.05,0.03667,1.04227169
2021-10-18,0.05,0.05,0.05,0.03734,1.04227603
2021-10-19,0.03,0.05,0.05,0.03756,1.04227748
2021-10-20,0.03,0.04933,0.04978,0.03767,1.04227835
2021-10-21,0.03,0.04867,0.04956,0.03778,1.04227921
2021-10-22,0.05,0.048,0.049339999999999995,0.03789,1.04228008
2021-10-25,0.04,0.048,0.049339999999999995,0.038560000000000004,1.04228443
2021-10-26,0.05,0.04767,0.04923,0.03873,1.04228558
2021-10-27,0.05,0.04767,0.04923,0.03895,1.04228703
2021-10-28,0.05,0.04767,0.04923,0.039169999999999996,1.04228848
2021-10-29,0.05,0.04767,0.04923,0.039389999999999994,1.04228993
2021-11-01,0.05,0.04767,0.04923,0.040060000000000005,1.04229427
2021-11-02,0.05,0.04767,0.04923,0.04028,1.04229572
2021-11-03,0.05,0.04767,0.04923,0.0405,1.04229716
2021-11-04,0.05,0.04767,0.04923,0.04073,1.04229861
2021-11-05,0.05,0.04767,0.04923,0.04095,1.04230006
2021-11-08,0.05,0.04767,0.04923,0.04162,1.0423044
2021-11-09,0.05,0.04767,0.04923,0.041839999999999995,1.04230585
2021-11-10,0.05,0.04767,0.04923,0.04206,1.0423073
2021-11-12,0.05,0.04767,0.04923,0.0425,1.04231019
2021-11-15,0.05,0.04767,0.04923,0.04317,1.04231454
2021-11-16,0.05,0.04767,0.04923,0.04339,1.04231598
2021-11-17,0.05,0.04767,0.04923,0.04362,1.04231743
2021-11-18,0.05,0.04767,0.04923,0.04384,1.04231888
2021-11-19,0.05,0.04833,0.04923,0.04406,1.04232033
2021-11-22,0.05,0.04967,0.04923,0.04473,1.04232467
2021-11-23,0.05,0.04967,0.04923,0.04495,1.04232612
2021-11-24,0.05,0.04967,0.04923,0.04517,1.04232757
2021-11-26,0.05,0.05,0.04923,0.04562,1.04233046
2021-11-29,0.05,0.05,0.04923,0.04628,1.0423348
2021-11-30,0.05,0.05,0.04923,0.04651,1.04233625
2021-12-01,0.05,0.05,0.04923,0.04673,1.0423377
2021-12-02,0.05,0.05,0.04923,0.04695,1.04233915
2021-12-03,0.05,0.05,0.04923,0.04717,1.04234059
2021-12-06,0.05,0.05,0.04923,0.04784,1.04234494
2021-12-07,0.05,0.05,0.04923,0.048060000000000005,1.04234639
2021-12-08,0.05,0.05,0.04923,0.04828,1.04234783
2021-12-09,0.05,0.05,0.04923,0.048510000000000005,1.04234928
2021-12-10,0.05,0.05,0.04923,0.04873,1.04235073
2021-12-13,0.05,0.05,0.04923,0.049389999999999996,1.04235507
2021-12-14,0.05,0.05,0.04923,0.04962,1.04235652
2021-12-15,0.05,0.05,0.04923,0.04962,1.04235797
2021-12-16,0.05,0.05,0.04923,0.04962,1.04235941
2021-12-17,0.05,0.05,0.04923,0.04962,1.04236086
2021-12-20,0.04,0.05,0.04923,0.04962,1.04236521
2021-12-21,0.05,0.04967,0.04911,0.04956,1.04236636
2021-12-22,0.05,0.04967,0.04911,0.04956,1.04236781
2021-12-23,0.05,0.04967,0.04911,0.04956,1.04236926
2021-12-27,0.05,0.04967,0.04911,0.04956,1.04237505
2021-12-28,0.05,0.04967,0.04911,0.04956,1.0423765
2021-12-29,0.05,0.04967,0.04911,0.04956,1.04237795
2021-12-30,0.05,0.04967,0.04911,0.04956,1.04237939
2021-12-31,0.05,0.04967,0.04911,0.04956,1.04238084
2022-01-03,0.05,0.04967,0.04911,0.04956,1.04238518
2022-01-04,0.05,0.04967,0.04911,0.04956,1.04238663
2022-01-05,0.05,0.04967,0.04911,0.04956,1.04238808
2022-01-06,0.05,0.04967,0.04911,0.04956,1.04238953
2022-01-07,0.05,0.04967,0.04911,0.04956,1.04239098
2022-01-10,0.05,0.04967,0.04911,0.04956,1.04239532
2022-01-11,0.05,0.04967,0.04911,0.04956,1.04239677
2022-01-12,0.05,0.04967,0.04911,0.04956,1.04239821
2022-01-13,0.05,0.04967,0.04911,0.04956,1.04239966
2022-01-14,0.05,0.04967,0.04911,0.04956,1.04240111
2022-01-18,0.05,0.04967,0.049339999999999995,0.04956,1.0424069
2022-01-19,0.05,0.04967,0.04956,0.04956,1.04240835
2022-01-20,0.04,0.05,0.04978,0.04956,1.0424098
2022-01-21,0.05,0.04967,0.04967,0.049510000000000005,1.04241095
2022-01-24,0.04,0.04967,0.04978,0.049510000000000005,1.0424153
2022-01-25,0.05,0.04933,0.04967,0.04945,1.04241646
2022-01-26,0.04,0.04933,0.04967,0.04945,1.0424179
2022-01-27,0.04,0.049,0.04956,0.049389999999999996,1.04241906
2022-01-28,0.05,0.04867,0.04945,0.049339999999999995,1.04242022
2022-01-31,0.05,0.04867,0.04945,0.049339999999999995,1.04242456
2022-02-01,0.05,0.04867,0.04945,0.049339999999999995,1.04242601
2022-02-02,0.05,0.04867,0.04945,0.049339999999999995,1.04242746
2022-02-03,0.05,0.04867,0.04945,0.049339999999999995,1.04242891
2022-02-04,0.05,0.04867,0.04945,0.049339999999999995,1.04243036
2022-02-07,0.05,0.04867,0.04945,0.049339999999999995,1.0424347
2022-02-08,0.05,0.04867,0.04945,0.049339999999999995,1.04243615
2022-02-09,0.04,0.04867,0.04945,0.049339999999999995,1.04243759
2022-02-10,0.05,0.04833,0.049339999999999995,0.049280000000000004,1.04243875
2022-02-11,0.05,0.04833,0.049339999999999995,0.049280000000000004,1.0424402
2022-02-14,0.05,0.04833,0.049339999999999995,0.049280000000000004,1.04244454
2022-02-15,0.05,0.04833,0.049339999999999995,0.049280000000000004,1.04244599
2022-02-16,0.05,0.04833,0.049339999999999995,0.049280000000000004,1.04244744
2022-02-17,0.05,0.04833,0.049339999999999995,0.049280000000000004,1.04244889
2022-02-18,0.05,0.04833,0.049339999999999995,0.049280000000000004,1.04245034
2022-02-22,0.05,0.04867,0.049339999999999995,0.049280000000000004,1.04245613
2022-02-23,0.05,0.04867,0.049339999999999995,0.049280000000000004,1.04245757
2022-02-24,0.05,0.049,0.049339999999999995,0.049280000000000004,1.04245902
2022-02-25,0.05,0.049,0.049339999999999995,0.049280000000000004,1.04246047
2022-02-28,0.05,0.04967,0.049339999999999995,0.049280000000000004,1.04246481
2022-03-01,0.05,0.04967,0.049339999999999995,0.049280000000000004,1.04246626
2022-03-02,0.05,0.04967,0.049339999999999995,0.049280000000000004,1.04246771
2022-03-03,0.05,0.04967,0.049339999999999995,0.049280000000000004,1.04246916
2022-03-04,0.05,0.04967,0.049339999999999995,0.049280000000000004,1.04247061
2022-03-07,0.05,0.04967,0.049339999999999995,0.049280000000000004,1.04247495
2022-03-08,0.05,0.04967,0.049339999999999995,0.049280000000000004,1.0424764
2022-03-09,0.05,0.04967,0.049339999999999995,0.049280000000000004,1.04247784
2022-03-10,0.05,0.04967,0.049339999999999995,0.049280000000000004,1.04247929
2022-03-11,0.05,0.04967,0.049339999999999995,0.049280000000000004,1.04248074
2022-03-14,0.05,0.05,0.049339999999999995,0.049280000000000004,1.04248508
2022-03-15,0.05,0.05,0.049339999999999995,0.049280000000000004,1.04248653
2022-03-16,0.05,0.05,0.049339999999999995,0.049280000000000004,1.04248798
2022-03-17,0.3,0.05,0.049339999999999995,0.049280000000000004,1.04248943
2022-03-18,0.3,0.05832999999999999,0.052110000000000004,0.05067,1.04249812
2022-03-21,0.29,0.08334,0.06056,0.05484,1.04252418
2022-03-22,0.28,0.09134,0.06323,0.056170000000000005,1.04253258
2022-03-23,0.27,0.099,0.06577999999999999,0.05745,1.04254068
2022-03-24,0.27,0.10634,0.06823,0.058679999999999996,1.0425485
2022-03-25,0.28,0.11367000000000001,0.07067000000000001,0.0599,1.04255632
2022-03-28,0.28,0.13667,0.07833999999999999,0.06373,1.04258065
2022-03-29,0.28,0.14434,0.0809,0.06501,1.04258876
2022-03-30,0.27,0.15200999999999998,0.08345,0.06629,1.04259687
2022-03-31,0.29,0.15934,0.0859,0.06751,1.04260469
2022-04-01,0.3,0.16734000000000002,0.08856,0.06884,1.04261309
2022-04-04,0.3,0.19235,0.0969,0.07301,1.04263915
2022-04-05,0.3,0.20068,0.09967999999999999,0.0744,1.04264784
2022-04-06,0.3,0.20901999999999998,0.10246,0.07579,1.04265653
2022-04-07,0.3,0.21735,0.10524000000000001,0.07718,1.04266522
2022-04-08,0.3,0.22569,0.10801,0.07857,1.04267391
2022-04-11,0.3,0.25069,0.11635,0.08274,1.04269997
2022-04-12,0.29,0.25903000000000004,0.11913,0.08413,1.04270866
2022-04-13,0.29,0.26703000000000005,0.1218,0.08546000000000001,1.04271706
2022-04-14,0.29,0.27503,0.12445999999999999,0.0868,1.04272546
2022-04-18,0.29,0.29036999999999996,0.13513,0.09224,1.04275906
2022-04-19,0.28,0.29003,0.1378,0.09369,1.04276746
2022-04-20,0.27,0.28936999999999996,0.14035999999999998,0.09508,1.04277557
2022-04-21,0.26,0.2887,0.14290999999999998,0.0963,1.04278339
2022-04-22,0.27,0.28803,0.14525,0.09747,1.04279092
2022-04-25,0.27,0.2877,0.15269000000000002,0.10119,1.04281438
2022-04-26,0.27,0.28736999999999996,0.15514,0.10240999999999999,1.04282221
2022-04-27,0.28,0.28703,0.1577,0.10364000000000001,1.04283003
2022-04-28,0.28,0.28703,0.16036,0.10492,1.04283814
2022-04-29,0.28,0.28703,0.16292,0.10619,1.04284625
2022-05-02,0.3,0.28636999999999996,0.17059000000000002,0.11002999999999999,1.04287058
2022-05-03,0.3,0.28636999999999996,0.17337,0.11142,1.04287927
2022-05-04,0.3,0.28636999999999996,0.17615,0.11281,1.04288796
2022-05-05,0.79,0.28636999999999996,0.17893,0.1142,1.04289665
2022-05-06,0.78,0.3027,0.18715,0.11830999999999998,1.04291954
2022-05-09,0.78,0.35070999999999997,0.2115,0.13049000000000002,1.04298733
2022-05-10,0.78,0.36672,0.21961,0.13454000000000002,1.04300993
2022-05-11,0.78,0.38272,0.22784000000000001,0.1386,1.04303253
2022-05-12,0.79,0.39873000000000003,0.23596,0.14265999999999998,1.04305513
2022-05-13,0.79,0.4154,0.24418,0.14677,1.04307801
2022-05-16,0.8,0.46542,0.26886,0.15912,1.04314668
2022-05-17,0.8,0.48241999999999996,0.2772,0.16329000000000002,1.04316986
2022-05-18,0.79,0.49943000000000004,0.28554,0.16746,1.04319305
2022-05-19,0.79,0.5161,0.29377,0.17157,1.04321594
2022-05-20,0.78,0.5331100000000001,0.302,0.17569,1.04323883
2022-05-23,0.78,0.5844600000000001,0.32635,0.18786,1.04330664
2022-05-24,0.78,0.60147,0.33447,0.19192,1.04332925
2022-05-25,0.78,0.61848,0.34259,0.19598,1.04335185
2022-05-26,0.78,0.63549,0.3507,0.20004,1.04337446
2022-05-27,0.78,0.6525,0.35882,0.2041,1.04339706
2022-05-31,0.79,0.7192,0.3913,0.22034,1.04348749
2022-06-01,0.8,0.73621,0.39953,0.22446,1.04351039
2022-06-02,0.79,0.75289,0.40786999999999995,0.22863000000000003,1.04353358
2022-06-03,0.78,0.76923,0.4161,0.23274,1.04355648
2022-06-06,0.78,0.78491,0.44046,0.24491999999999997,1.04362431
2022-06-07,0.77,0.78491,0.44858000000000003,0.24898,1.04364692
2022-06-08,0.76,0.78457,0.45658999999999994,0.25299,1.04366925
2022-06-09,0.75,0.78391,0.46448,0.25694,1.04369128
2022-06-10,0.75,0.7829,0.47226999999999997,0.26083,1.04371302
2022-06-13,0.73,0.7792399999999999,0.49563,0.27251,1.04377825
2022-06-14,0.69,0.77723,0.5032,0.2763,1.04379942
2022-06-15,0.7,0.7739,0.51032,0.27986,1.04381943
2022-06-16,1.45,0.77056,0.51477,0.28347,1.04383972
2022-06-17,1.45,0.7922399999999999,0.52756,0.29125999999999996,1.04388177
2022-06-21,1.45,0.8809600000000001,0.57907,0.32247,1.04404995
2022-06-22,1.45,0.9033100000000001,0.5922,0.33026,1.044092
2022-06-23,1.44,0.92566,0.60533,0.33805999999999997,1.04413405
2022-06-24,1.46,0.94768,0.61824,0.34579,1.04417582
2022-06-27,1.5,1.0157200000000002,0.65763,0.36933,1.04430286
2022-06-28,1.52,1.03975,0.6712100000000001,0.3774,1.04434637
2022-06-29,1.51,1.06443,0.68512,0.38558000000000003,1.04439047
2022-06-30,1.5,1.08879,0.6987,0.39371,1.04443427
2022-07-01,1.52,1.11248,0.71206,0.40178,1.04447779
2022-07-05,1.54,1.21022,0.76637,0.43451000000000006,1.04465419
2022-07-06,1.54,1.23558,0.78018,0.44281000000000004,1.04469888
2022-07-07,1.54,1.26094,0.79398,0.45111,1.04474357
2022-07-08,1.53,1.28663,0.80779,0.4594,1.04478826
2022-07-11,1.53,1.36438,0.8488700000000001,0.48413,1.04492147
2022-07-12,1.54,1.3904100000000001,0.8626799999999999,0.49237,1.04496588
2022-07-13,1.53,1.41677,0.8766,0.50067,1.04501058
2022-07-14,1.53,1.44347,0.8904,0.5089100000000001,1.045055
2022-07-15,1.54,1.4715,0.9042100000000001,0.51715,1.04509941
2022-07-18,1.54,1.5055399999999999,0.9459700000000001,0.54205,1.04523353
2022-07-19,1.54,1.50855,0.96,0.55035,1.04527824
2022-07-20,1.53,1.51155,0.97415,0.55871,1.04532296
2022-07-21,1.53,1.5142200000000001,0.9883,0.56695,1.04536739
2022-07-22,1.52,1.51689,1.00233,0.5752,1.04541181
2022-07-25,1.53,1.5239,1.0441,0.59982,1.04554423
2022-07-26,1.53,1.52624,1.0581399999999999,0.6081300000000001,1.04558867
2022-07-27,1.53,1.52857,1.07206,0.61643,1.04563311
2022-07-28,2.28,1.52958,1.08599,0.62468,1.04567754
2022-07-29,2.27,1.55494,1.10827,0.6371,1.04574377
2022-08-01,2.28,1.63103,1.17456,0.6742199999999999,1.04594159
2022-08-02,2.3,1.6564,1.1966299999999999,0.68665,1.04600783
2022-08-03,2.29,1.6824400000000002,1.21892,0.69919,1.04607466
2022-08-04,2.29,1.7081400000000002,1.23563,0.71168,1.0461412
2022-08-05,2.28,1.73317,1.2524600000000001,0.72417,1.04620775
2022-08-08,2.28,1.8076,1.3026200000000001,0.76147,1.04640653
2022-08-09,2.29,1.83264,1.31934,0.77396,1.0464728
2022-08-10,2.28,1.85801,1.33617,0.78646,1.04653937
2022-08-11,2.28,1.88305,1.3527799999999999,0.79889,1.04660565
2022-08-12,2.28,1.90775,1.3693899999999999,0.81133,1.04667194
2022-08-15,2.29,1.98253,1.41911,0.84865,1.0468708
2022-08-16,2.29,2.00757,1.43573,0.86115,1.0469374
2022-08-17,2.29,2.03261,1.45245,0.87364,1.04700399
2022-08-18,2.28,2.05765,1.46918,0.8861399999999999,1.04707059
2022-08-19,2.28,2.08236,1.48591,0.89859,1.04713691
2022-08-22,2.28,2.15781,1.53609,0.9359200000000001,1.04733586
2022-08-23,2.27,2.18319,1.55282,0.94837,1.0474022
2022-08-24,2.27,2.20824,1.56944,0.9607600000000001,1.04746824
2022-08-25,2.28,2.23295,1.58606,0.97315,1.04753429
2022-08-26,2.28,2.25799,1.60279,0.9856,1.04760063
2022-08-29,2.28,2.28337,1.6529900000000002,1.02295,1.04779968
2022-08-30,2.29,2.2837099999999997,1.6696099999999998,1.0354,1.04786604
2022-08-31,2.29,2.28437,1.6862400000000002,1.0479100000000001,1.04793269
2022-09-01,2.29,2.28471,1.70297,1.0604200000000001,1.04799935
2022-09-02,2.29,2.28437,1.7198200000000001,1.07293,1.04806602
2022-09-06,2.29,2.28503,1.7873299999999999,1.1229799999999999,1.04833269
2022-09-07,2.28,2.28536,1.8044,1.1354899999999999,1.04839938
2022-09-08,2.28,2.28536,1.82148,1.14795,1.04846578
2022-09-09,2.28,2.28503,1.8385599999999998,1.16041,1.04853218
2022-09-12,2.28,2.2850200000000003,1.8900099999999997,1.19779,1.0487314
2022-09-13,2.28,2.28503,1.90776,1.2102600000000001,1.04879782
2022-09-14,2.27,2.28503,1.9254,1.2213200000000002,1.04886424
2022-09-15,2.28,2.28436,1.93455,1.23233,1.04893038
2022-09-16,2.27,2.28403,1.94382,1.2434,1.04899681
2022-09-19,2.27,2.28269,1.9712900000000002,1.27661,1.04919525
2022-09-20,2.26,2.2823599999999997,1.9804400000000002,1.28779,1.04926141
2022-09-21,2.25,2.28169,1.9894900000000002,1.29891,1.04932728
2022-09-22,2.99,2.2806900000000003,1.99853,1.3099299999999998,1.04939286
2022-09-23,2.99,2.3047299999999997,2.01562,1.32508,1.04948002
2022-09-26,2.99,2.3761799999999997,2.06642,1.37055,1.04974151
2022-09-27,2.98,2.3999,2.08283,1.38576,1.0498287
2022-09-28,2.98,2.42328,2.09925,1.40081,1.0499156
2022-09-29,2.96,2.44666,2.11578,1.4158,1.05000251
2022-09-30,2.98,2.46903,2.13187,1.43069,1.05008884
2022-10-03,3.0,2.53816,2.18079,1.47567,1.05034962
2022-10-04,3.04,2.56189,2.1971,1.49078,1.05043715
2022-10-05,3.04,2.58695,2.21386,1.5061200000000001,1.05052585
2022-10-06,3.05,2.612,2.23061,1.52145,1.05061456
2022-10-07,3.05,2.63738,2.2476,1.53685,1.05070357
2022-10-11,3.05,2.74024,2.31541,1.59854,1.05105964
2022-10-12,3.04,2.7659599999999998,2.33239,1.61399,1.05114869
2022-10-13,3.04,2.79135,2.34927,1.62939,1.05123745
2022-10-14,3.04,2.8167400000000002,2.36603,1.6448,1.05132623
2022-10-17,3.05,2.89357,2.4163200000000002,1.6910599999999998,1.05159256
2022-10-18,3.04,2.9196299999999997,2.4332,1.7066400000000002,1.05168165
2022-10-19,3.04,2.94536,2.45008,1.7222099999999998,1.05177046
2022-10-20,3.03,2.9710900000000002,2.46696,1.73773,1.05185928
2022-10-21,3.02,2.99682,2.4838400000000003,1.7532,1.05194781
2022-10-24,3.01,3.02454,2.53403,1.7994400000000002,1.05221255
2022-10-25,3.02,3.02522,2.55058,1.8147400000000002,1.05230053
2022-10-26,3.03,3.02622,2.56724,1.8301,1.0523888
2022-10-27,3.04,3.02756,2.57563,1.84552,1.05247738
2022-10-28,3.05,3.02956,2.5842400000000003,1.8609900000000001,1.05256626
2022-10-31,3.05,3.03724,2.61029,1.90736,1.05283378
2022-11-01,3.05,3.03959,2.6186700000000003,1.92278,1.05292298
2022-11-02,3.05,3.04193,2.62717,1.93546,1.05301219
2022-11-03,3.8,3.0436,2.63567,1.94819,1.0531014
2022-11-04,3.8,3.0689900000000003,2.65267,1.9651299999999998,1.05321256
2022-11-07,3.78,3.1445,2.7036599999999997,2.0159599999999998,1.05354608
2022-11-08,3.78,3.16891,2.72033,2.0327900000000003,1.0536567
2022-11-09,3.78,3.19332,2.73711,2.04957,1.05376734
2022-11-10,3.78,3.21771,2.75389,2.06635,1.05387798
2022-11-14,3.79,3.31624,2.82088,2.13337,1.05432061
2022-11-15,3.8,3.3413199999999996,2.83766,2.15021,1.05443161
2022-11-16,3.81,3.3667199999999995,2.8545599999999998,2.1671099999999996,1.05454291
2022-11-17,3.8,3.39212,2.87168,2.18413,1.05465451
2022-11-18,3.8,3.4175199999999997,2.88869,2.20109,1.05476584
2022-11-21,3.8,3.49471,2.93971,2.25197,1.05509985
2022-11-22,3.8,3.5208,2.95684,2.26894,1.05521122
2022-11-23,3.79,3.5468699999999997,2.97396,2.28591,1.0553226
2022-11-25,3.8,3.59867,3.0077599999999998,2.31973,1.05554481
2022-11-28,3.8,3.67487,3.0588,2.37059,1.05587906
2022-11-29,3.81,3.69996,3.0757,2.38745,1.05599052
2022-11-30,3.82,3.72536,3.09272,2.40443,1.05610228
2022-12-01,3.82,3.7511099999999997,3.10985,2.42152,1.05621434
2022-12-02,3.81,3.77685,3.12699,2.4386200000000002,1.05632642
2022-12-05,3.81,3.80292,3.17804,2.48978,1.0566618
2022-12-06,3.8,3.80327,3.19506,2.50694,1.05677363
2022-12-07,3.8,3.80327,3.21208,2.5241,1.05688518
2022-12-08,3.8,3.8039400000000003,3.22911,2.54125,1.05699674
2022-12-09,3.8,3.8046,3.24614,2.55841,1.05710831
2022-12-12,3.8,3.8066400000000002,3.2972,2.6103400000000003,1.05744306
2022-12-13,3.8,3.80732,3.3142300000000002,2.62779,1.05755468
2022-12-14,3.8,3.80799,3.3313699999999997,2.64102,1.05766631
2022-12-15,4.32,3.8083199999999997,3.3484,2.65424,1.05777795
2022-12-16,4.32,3.82571,3.3713699999999998,2.6704,1.05790489
2022-12-19,4.3,3.87751,3.44026,2.71887,1.05828573
2022-12-20,4.3,3.89424,3.4631199999999995,2.7349099999999997,1.05841214
2022-12-21,4.3,3.9109599999999998,3.4860900000000004,2.75102,1.05853856
2022-12-22,4.3,3.9276800000000005,3.5007699999999997,2.76701,1.058665
2022-12-23,4.3,3.9444,3.51546,2.78301,1.05879145
2022-12-27,4.3,4.0119,3.57427,2.84614,1.05929732
2022-12-28,4.3,4.02862,3.5890699999999995,2.86192,1.05942384
2022-12-29,4.3,4.04534,3.6040900000000002,2.87758,1.05955038
2022-12-30,4.3,4.061730000000001,3.61889,2.89325,1.05967694
2023-01-03,4.31,4.12655,3.6771599999999998,2.95568,1.06018323
2023-01-04,4.3,4.143269999999999,3.6914,2.9713,1.06031016
2023-01-05,4.31,4.15966,3.7054199999999997,2.98692,1.06043681
2023-01-06,4.31,4.17671,3.71955,3.00259,1.06056377
2023-01-09,4.31,4.22786,3.7619300000000004,3.04956,1.06094468
2023-01-10,4.31,4.24493,3.7760599999999998,3.06524,1.0610717
2023-01-11,4.3,4.26199,3.79031,3.08092,1.06119874
2023-01-12,4.3,4.27871,3.80444,3.09649,1.06132549
2023-01-13,4.3,4.29544,3.8185800000000003,3.11206,1.06145226
2023-01-17,4.31,4.31011,3.87497,3.1743900000000003,1.0619594
2023-01-18,4.3,4.309769999999999,3.88921,3.19008,1.06208654
2023-01-19,4.31,4.309769999999999,3.90346,3.2057700000000002,1.0622134
2023-01-20,4.3,4.31011,3.91794,3.22152,1.06234057
2023-01-23,4.3,4.31011,3.9611199999999998,3.26848,1.06272124
2023-01-24,4.3,4.3101400000000005,3.97548,3.2841199999999997,1.06284818
2023-01-25,4.31,4.31016,3.98973,3.29552,1.06297513
2023-01-26,4.3,4.31049,4.00398,3.30704,1.06310239
2023-01-27,4.3,4.31049,4.018009999999999,3.31851,1.06322937
2023-01-30,4.3,4.31049,4.06008,3.35267,1.06361036
2023-01-31,4.31,4.31053,4.07411,3.3640199999999996,1.06373741
2023-02-01,4.31,4.31088,4.08825,3.37543,1.06386476
2023-02-02,4.56,4.31121,4.09398,3.3869,1.06399213
2023-02-03,4.55,4.31957,4.10251,3.3997800000000002,1.0641269
2023-02-06,4.55,4.34397,4.12798,3.43819,1.06453038
2023-02-07,4.55,4.35201,4.13662,3.4510199999999998,1.06466493
2023-02-08,4.55,4.360040000000001,4.1452599999999995,3.46385,1.06479949
2023-02-09,4.55,4.3680699999999995,4.153919999999999,3.4766800000000004,1.06493407
2023-02-10,4.55,4.3761,4.16257,3.4895099999999997,1.06506866
2023-02-13,4.55,4.40118,4.18838,3.52788,1.0654725
2023-02-14,4.55,4.40958,4.1968,3.54065,1.06560716
2023-02-15,4.55,4.41796,4.2051,3.55349,1.06574185
2023-02-16,4.55,4.42632,4.21352,3.5663199999999997,1.06587654
2023-02-17,4.55,4.43435,4.22195,3.57916,1.06601126
2023-02-21,4.55,4.4674,4.2556,3.6306,1.06655019
2023-02-22,4.55,4.47577,4.26414,3.64344,1.06668499
2023-02-23,4.55,4.48413,4.27267,3.65628,1.0668198
2023-02-24,4.55,4.49249,4.2811,3.6691199999999995,1.06695464
2023-02-27,4.55,4.5172300000000005,4.30636,3.70759,1.06735919
2023-02-28,4.55,4.5256099999999995,4.31466,3.7203699999999995,1.06749409
2023-03-01,4.55,4.53397,4.3228599999999995,3.73316,1.06762901
2023-03-02,4.55,4.54234,4.33106,3.74595,1.06776395
2023-03-03,4.55,4.55037,4.33938,3.75874,1.0678989
2023-03-06,4.55,4.55804,4.3643,3.79711,1.06830381
2023-03-07,4.55,4.55806,4.372719999999999,3.80996,1.06843884
2023-03-08,4.55,4.55806,4.38114,3.82281,1.06857388
2023-03-09,4.55,4.55806,4.38957,3.83566,1.06870893
2023-03-10,4.55,4.55806,4.398,3.8485199999999997,1.068844
2023-03-13,4.55,4.55804,4.42326,3.8870699999999996,1.06924927
2023-03-14,4.55,4.55806,4.43168,3.8999800000000002,1.06938442
2023-03-15,4.58,4.55806,4.44011,3.91284,1.06951957
2023-03-16,4.57,4.55906,4.44303,3.9259199999999996,1.06965564
2023-03-17,4.55,4.55973,4.44585,3.93895,1.06979143
2023-03-20,4.55,4.55973,4.45381,3.9777400000000003,1.07019706
2023-03-21,4.55,4.559769999999999,4.45662,3.9907800000000004,1.07033232
2023-03-22,4.55,4.5597900000000005,4.45943,3.9996099999999997,1.0704676
2023-03-23,4.8,4.5597900000000005,4.46224,4.0084599999999995,1.07060289
2023-03-24,4.8,4.56815,4.46787,4.01871,1.07074564
2023-03-27,4.81,4.59322,4.484719999999999,4.04953,1.07117394
2023-03-28,4.84,4.60194,4.49045,4.0599,1.07131706
2023-03-29,4.83,4.61164,4.49651,4.0705599999999995,1.07146109
2023-03-30,4.82,4.62101,4.50247,4.08105,1.07160484
2023-03-31,4.87,4.63004,4.50833,4.091480000000001,1.07174832
2023-04-03,4.84,4.66213,4.5275300000000005,4.1231599999999995,1.07218327
2023-04-04,4.83,4.67186,4.5334900000000005,4.13336,1.07232742
2023-04-05,4.81,4.68123,4.53944,4.14346,1.07247129
2023-04-06,4.81,4.68992,4.545059999999999,4.15344,1.07261458
2023-04-10,4.81,4.72463,4.5675099999999995,4.19335,1.07318784
2023-04-11,4.8,4.73335,4.57313,4.20338,1.07333123
2023-04-12,4.8,4.74172,4.57874,4.213369999999999,1.07347434
2023-04-13,4.8,4.7500800000000005,4.58436,4.22335,1.07361747
2023-04-14,4.8,4.75845,4.59,4.23334,1.07376062
2023-04-17,4.8,4.78184,4.60685,4.26322,1.07419012
2023-04-18,4.8,4.79023,4.61236,4.27321,1.07433335
2023-04-19,4.8,4.79859,4.61798,4.28325,1.07447659
2023-04-20,4.8,4.80696,4.623480000000001,4.29335,1.07461985
2023-04-21,4.8,4.81533,4.62911,4.30345,1.07476314
2023-04-24,4.8,4.82367,4.64596,4.3338,1.07519304
2023-04-25,4.8,4.82369,4.65158,4.34385,1.0753364
2023-04-26,4.8,4.82369,4.6570800000000006,4.35384,1.07547978
2023-04-27,4.81,4.82336,4.6627,4.36378,1.07562318
2023-04-28,4.81,4.82235,4.66845,4.3737699999999995,1.07576689
2023-05-01,4.81,4.819319999999999,4.685630000000001,4.40373,1.0761981
2023-05-02,4.81,4.81734,4.69125,4.41372,1.07634189
2023-05-03,4.81,4.81533,4.69687,4.41946,1.0764857
2023-05-04,5.06,4.8143199999999995,4.69968,4.4252,1.07662953
2023-05-05,5.06,4.822019999999999,4.705419999999999,4.43235,1.07678086
2023-05-08,5.06,4.84715,4.7226,4.45403,1.0772349
2023-05-09,5.06,4.85554,4.72834,4.4613,1.07738631
2023-05-10,5.06,4.86391,4.73407,4.46858,1.07753774
2023-05-11,5.05,4.872269999999999,4.7398,4.47585,1.0776892
2023-05-12,5.05,4.8806400000000005,4.745430000000001,4.48306,1.07784037
2023-05-15,5.06,4.90571,4.7622800000000005,4.504519999999999,1.07829396
2023-05-16,5.05,4.91443,4.768009999999999,4.51162,1.07844552
2023-05-17,5.05,4.9228,4.773630000000001,4.51872,1.07859681
2023-05-18,5.05,4.93116,4.77926,4.52583,1.07874811
2023-05-19,5.05,4.93953,4.7849,4.53293,1.07889943
2023-05-22,5.05,4.9646,4.80176,4.55422,1.07935347
2023-05-23,5.05,4.97299,4.80738,4.561380000000001,1.07950488
2023-05-24,5.05,4.98136,4.813,4.5685400000000005,1.07965631
2023-05-25,5.06,4.989719999999999,4.81862,4.57565,1.07980776
2023-05-26,5.06,4.99843,4.82437,4.58281,1.07995953
2023-05-30,5.06,5.03215,4.8472599999999995,4.61126,1.08056671
2023-05-31,5.08,5.04052,4.853,4.6183,1.08071859
2023-06-01,5.08,5.04955,4.85896,4.62552,1.08087109
2023-06-02,5.07,5.058590000000001,4.86493,4.63275,1.08102362
2023-06-05,5.06,5.06794,4.88246,4.6542699999999995,1.08148035
2023-06-06,5.05,5.06796,4.88819,4.66144,1.08163236
2023-06-07,5.05,5.06763,4.89381,4.66854,1.08178409
2023-06-08,5.05,5.06729,4.89944,4.67565,1.08193584
2023-06-09,5.05,5.06696,4.905069999999999,4.68276,1.08208761
2023-06-12,5.05,5.0666,4.92192,4.70407,1.08254299
2023-06-13,5.05,5.0666199999999995,4.92755,4.711180000000001,1.08269484
2023-06-14,5.05,5.0666199999999995,4.93283,4.715330000000001,1.08284672
2023-06-15,5.06,5.06629,4.93823,4.71948,1.08299862
2023-06-16,5.05,5.0666199999999995,4.943980000000001,4.72369,1.08315084
2023-06-20,5.05,5.06655,4.96643,4.74061,1.08375861
2023-06-21,5.05,5.06655,4.97206,4.74488,1.08391064
2023-06-22,5.05,5.06655,4.97487,4.74915,1.08406268
2023-06-23,5.05,5.06655,4.97769,4.753419999999999,1.08421475
2023-06-26,5.05,5.06588,4.986,4.76621,1.08467103
2023-06-27,5.05,5.0656,4.98836,4.77048,1.08482318
2023-06-28,5.06,5.0652800000000004,4.99084,4.77474,1.08497536
2023-06-29,5.06,5.0652800000000004,4.99354,4.77907,1.08512786
2023-06-30,5.09,5.0652800000000004,4.99569,4.7834,1.08528038
2023-07-03,5.06,5.0666,5.003430000000001,4.796819999999999,1.08574072
2023-07-05,5.06,5.065930000000001,5.008830000000001,4.8054,1.08604593
2023-07-06,5.06,5.065930000000001,5.01166,4.80967,1.08619858
2023-07-07,5.06,5.06626,5.01449,4.8139400000000006,1.08635125
2023-07-10,5.06,5.06724,5.0229099999999995,4.82673,1.08680933
2023-07-11,5.06,5.0676,5.02583,4.83105,1.08696209
2023-07-12,5.05,5.06794,5.02876,4.835380000000001,1.08711487
2023-07-13,5.06,5.06794,5.031569999999999,4.83965,1.08726737
2023-07-14,5.05,5.06827,5.03451,4.84398,1.08742019
2023-07-17,5.06,5.06794,5.04293,4.85672,1.08787781
2023-07-18,5.06,5.06832,5.04585,4.86104,1.08803072
2023-07-19,5.05,5.0686800000000005,5.048780000000001,4.86531,1.08818365
2023-07-20,5.06,5.0686800000000005,5.05159,4.86958,1.08833629
2023-07-21,5.05,5.06901,5.054530000000001,4.8739099999999995,1.08848927
2023-07-24,5.05,5.06899,5.06295,4.8867,1.08894734
2023-07-25,5.06,5.06901,5.06576,4.89091,1.08910009
2023-07-26,5.06,5.06935,5.06869,4.89524,1.08925317
2023-07-27,5.31,5.06968,5.0715,4.89957,1.08940627
2023-07-28,5.3,5.07838,5.07714,4.90532,1.08956696
2023-07-31,5.31,5.10145,5.09366,4.92232,1.09004819
2023-08-01,5.31,5.10884,5.09929,4.92801,1.09020897
2023-08-02,5.3,5.1162,5.10491,4.93228,1.09036977
2023-08-03,5.3,5.12426,5.10761,4.93656,1.0905303
2023-08-04,5.3,5.13229,5.11033,4.94083,1.09069085
2023-08-07,5.3,5.15636,5.11841,4.95362,1.09117257
2023-08-08,5.3,5.16441,5.12111,4.95789,1.09133322
2023-08-09,5.3,5.17245,5.12381,4.96216,1.09149389
2023-08-10,5.3,5.18048,5.12662,4.96644,1.09165458
2023-08-11,5.3,5.18851,5.12945,4.9707099999999995,1.09181529
2023-08-14,5.3,5.21325,5.13776,4.98351,1.09229751
2023-08-15,5.3,5.22165,5.140569999999999,4.98778,1.09245832
2023-08-16,5.3,5.23001,5.14339,4.99205,1.09261916
2023-08-17,5.3,5.23805,5.1462,4.99633,1.09278002
2023-08-18,5.3,5.24608,5.149030000000001,5.00061,1.0929409
2023-08-21,5.3,5.27082,5.15745,5.0134099999999995,1.09342361
2023-08-22,5.3,5.27921,5.16026,5.01768,1.09358459
2023-08-23,5.3,5.28758,5.16308,5.02195,1.09374559
2023-08-24,5.3,5.29595,5.165780000000001,5.0262199999999995,1.09390661
2023-08-25,5.3,5.30399,5.1685,5.0305,1.09406766
2023-08-28,5.3,5.31166,5.1766,5.0433,1.09455087
2023-08-29,5.3,5.3116900000000005,5.1793,5.0475699999999994,1.09471202
2023-08-30,5.3,5.3116900000000005,5.181780000000001,5.05184,1.09487318
2023-08-31,5.31,5.31135,5.18426,5.05612,1.09503437
2023-09-01,5.31,5.31135,5.18697,5.06045,1.09519589
2023-09-05,5.31,5.31261,5.1980699999999995,5.07774,1.09584205
2023-09-06,5.3,5.31295,5.20099,5.08207,1.09600369
2023-09-07,5.31,5.31295,5.20381,5.08635,1.09616505
2023-09-08,5.3,5.313280000000001,5.20675,5.09068,1.09632673
2023-09-11,5.3,5.31325,5.21517,5.10348,1.09681094
2023-09-12,5.3,5.313280000000001,5.21799,5.1075800000000005,1.09697242
2023-09-13,5.3,5.313280000000001,5.2208,5.11174,1.09713392
2023-09-14,5.3,5.313280000000001,5.2235,5.11602,1.09729544
2023-09-15,5.31,5.313280000000001,5.22634,5.1203,1.09745698
2023-09-18,5.31,5.31426,5.23511,5.1332699999999996,1.09794261
2023-09-19,5.31,5.31462,5.23804,5.1376,1.09810456
2023-09-20,5.3,5.31495,5.24097,5.14051,1.09826653
2023-09-21,5.3,5.31495,5.24378,5.14337,1.09842822
2023-09-22,5.3,5.31495,5.2466099999999996,5.14622,1.09858993
2023-09-25,5.31,5.31493,5.2550300000000005,5.15447,1.09907514
2023-09-26,5.31,5.31529,5.25796,5.1572,1.09923725
2023-09-27,5.32,5.31562,5.26077,5.1599900000000005,1.09939939
2023-09-28,5.31,5.31629,5.2637,5.16256,1.09956186
2023-09-29,5.31,5.31663,5.26619,5.165080000000001,1.09972404
2023-10-02,5.32,5.31696,5.27395,5.17298,1.10021067
2023-10-03,5.33,5.31735,5.27688,5.17589,1.10037326
2023-10-04,5.32,5.31805,5.27991,5.17886,1.10053617
2023-10-05,5.32,5.31838,5.28284,5.181780000000001,1.10069881
2023-10-06,5.31,5.31872,5.28578,5.18469,1.10086147
2023-10-10,5.31,5.31964,5.297,5.1961699999999995,1.10151098
2023-10-11,5.31,5.31998,5.299919999999999,5.19908,1.10167345
2023-10-12,5.31,5.32031,5.30274,5.20199,1.10183594
2023-10-13,5.31,5.32064,5.305680000000001,5.2049,1.10199847
2023-10-16,5.31,5.32129,5.31433,5.21361,1.1024861
2023-10-17,5.31,5.3213099999999995,5.31714,5.21652,1.10264872
2023-10-18,5.3,5.3213099999999995,5.320069999999999,5.2194199999999995,1.10281136
2023-10-19,5.3,5.3209800000000005,5.322769999999999,5.2222800000000005,1.10297372
2023-10-20,5.3,5.32064,5.3256,5.22513,1.1031361
2023-10-23,5.3,5.32062,5.33403,5.23367,1.10362332
2023-10-24,5.3,5.32064,5.33673,5.23652,1.10378579
2023-10-25,5.3,5.32064,5.33943,5.23931,1.1039483
2023-10-26,5.31,5.32031,5.33932,5.24211,1.10411082
2023-10-27,5.31,5.32031,5.33945,5.2449699999999995,1.10427368
2023-10-30,5.31,5.31995,5.33966,5.2535099999999995,1.10476232
2023-10-31,5.35,5.31998,5.33966,5.25636,1.10492527
2023-11-01,5.32,5.3213099999999995,5.3402199999999995,5.25801,1.10508948
2023-11-02,5.33,5.3213099999999995,5.34044,5.2595,1.10525278
2023-11-03,5.32,5.3213099999999995,5.3408,5.26104,1.10541642
2023-11-06,5.32,5.32165,5.34146,5.26548,1.10590649
2023-11-07,5.32,5.32204,5.34168,5.26696,1.10606992
2023-11-08,5.32,5.3224,5.3419099999999995,5.2685,1.10623337
2023-11-09,5.32,5.32273,5.34213,5.27005,1.10639685
2023-11-10,5.32,5.3230699999999995,5.34237,5.27159,1.10656035
2023-11-13,5.32,5.32404,5.343030000000001,5.27614,1.10705092
2023-11-14,5.32,5.324409999999999,5.34326,5.27768,1.10721452
2023-11-15,5.32,5.32474,5.3434800000000005,5.27921,1.10737814
2023-11-16,5.32,5.325069999999999,5.34371,5.28076,1.10754179
2023-11-17,5.32,5.32541,5.34395,5.28231,1.10770546
2023-11-20,5.31,5.32739,5.344609999999999,5.28691,1.10819654
2023-11-21,5.31,5.32775,5.34472,5.28839,1.10836
2023-11-22,5.31,5.32809,5.34483,5.28982,1.10852348
2023-11-24,5.32,5.32873,5.34507,5.29269,1.1088505
2023-11-27,5.32,5.33004,5.34572,5.29712,1.10934209
2023-11-28,5.32,5.3304,5.34595,5.29849,1.10950602
2023-11-29,5.31,5.3307400000000005,5.34618,5.29986,1.10966999
2023-11-30,5.33,5.3307400000000005,5.34618,5.30124,1.10983366
2023-12-01,5.39,5.33007,5.346430000000001,5.30272,1.10999798
2023-12-04,5.37,5.33674,5.349130000000001,5.30835,1.11049655
2023-12-05,5.33,5.33844,5.3498,5.31018,1.1106622
2023-12-06,5.32,5.338769999999999,5.350140000000001,5.311780000000001,1.11082664
2023-12-07,5.32,5.338769999999999,5.35025,5.31332,1.1109908
2023-12-08,5.32,5.338769999999999,5.3505,5.31487,1.11115498
2023-12-11,5.32,5.3387400000000005,5.35115,5.31947,1.11164759
2023-12-12,5.31,5.338769999999999,5.351380000000001,5.32101,1.11181187
2023-12-13,5.31,5.33844,5.35149,5.32244,1.11197586
2023-12-14,5.31,5.3381,5.3516,5.323930000000001,1.11213987
2023-12-15,5.32,5.33777,5.35162,5.325419999999999,1.11230391
2023-12-18,5.32,5.33774,5.35194,5.330030000000001,1.11279704
2023-12-19,5.31,5.33777,5.35205,5.33157,1.11296148
2023-12-20,5.31,5.33743,5.35217,5.33306,1.11312564
2023-12-21,5.31,5.33743,5.35228,5.33455,1.11328983
2023-12-22,5.32,5.33743,5.35241,5.33603,1.11345404
2023-12-26,5.35,5.33805,5.35304,5.34211,1.11411222
2023-12-27,5.39,5.33905,5.3533800000000005,5.34376,1.11427779
2023-12-28,5.4,5.3414,5.35428,5.34548,1.11444462
2023-12-29,5.38,5.344069999999999,5.35531,5.34725,1.11461178
2024-01-02,5.4,5.34734,5.35808,5.35436,1.11527807
2024-01-03,5.39,5.34768,5.35898,5.3563,1.11544537
2024-01-04,5.32,5.34835,5.35977,5.3581900000000005,1.11561237
2024-01-05,5.31,5.3480099999999995,5.35991,5.35968,1.11577724
2024-01-08,5.31,5.34698,5.35991,5.36394,1.11627097
2024-01-09,5.31,5.34667,5.35991,5.365419999999999,1.11643562
2024-01-10,5.31,5.3463400000000005,5.35991,5.36685,1.11660029
2024-01-11,5.31,5.346,5.35991,5.36834,1.11676499
2024-01-12,5.31,5.346,5.35993,5.36983,1.11692971
2024-01-16,5.32,5.34526,5.35988,5.37562,1.1175887
2024-01-17,5.32,5.34526,5.36011,5.3771,1.11775386
2024-01-18,5.31,5.34526,5.36033,5.37865,1.11791904
2024-01-19,5.31,5.34526,5.36046,5.38014,1.11808393
2024-01-22,5.31,5.34492,5.36078,5.384519999999999,1.11857868
2024-01-23,5.31,5.34464,5.36089,5.38594,1.11874367
2024-01-24,5.31,5.34433,5.36101,5.38594,1.11890869
2024-01-25,5.32,5.344,5.36101,5.38601,1.11907372
2024-01-26,5.32,5.34299,5.36114,5.3861300000000005,1.1192391
2024-01-29,5.31,5.33596,5.36146,5.386340000000001,1.11973529
2024-01-30,5.31,5.33367,5.36101,5.3864,1.11990046
2024-01-31,5.32,5.33136,5.36089,5.38646,1.12006564
2024-02-01,5.32,5.32935,5.36078,5.38658,1.12023116
2024-02-02,5.32,5.32667,5.3608,5.3867,1.12039671
2024-02-05,5.31,5.32463,5.36078,5.38703,1.12089342
2024-02-06,5.31,5.32466,5.36067,5.38708,1.12105875
2024-02-07,5.31,5.32466,5.3605599999999995,5.3871400000000005,1.1212241
2024-02-08,5.31,5.32466,5.3604400000000005,5.38721,1.12138949
2024-02-09,5.31,5.32466,5.36035,5.38727,1.12155489
2024-02-12,5.31,5.32466,5.35999,5.38743,1.12205118
2024-02-13,5.31,5.32471,5.35988,5.38748,1.12221668
2024-02-14,5.3,5.32474,5.35977,5.38754,1.12238221
2024-02-15,5.31,5.3244,5.35954,5.38755,1.12254745
2024-02-16,5.3,5.32407,5.35945,5.38761,1.12271302
2024-02-20,5.3,5.3223199999999995,5.35873,5.387580000000001,1.12337418
2024-02-21,5.3,5.32198,5.358630000000001,5.387580000000001,1.12353956
2024-02-22,5.3,5.32165,5.35851,5.38759,1.12370497
2024-02-23,5.31,5.3213099999999995,5.3583099999999995,5.3876,1.12387041
2024-02-26,5.31,5.32062,5.35795,5.38775,1.12436772
2024-02-27,5.31,5.32031,5.35784,5.38781,1.12453356
2024-02-28,5.31,5.31998,5.35784,5.38781,1.12469943
2024-02-29,5.32,5.31998,5.35761,5.38782,1.12486532
2024-03-01,5.31,5.32031,5.35684,5.3878900000000005,1.12503155
2024-03-04,5.31,5.31928,5.35435,5.38788,1.12552938
2024-03-05,5.31,5.318969999999999,5.35412,5.38794,1.1256954
2024-03-06,5.31,5.31864,5.35401,5.38794,1.12586144
2024-03-07,5.31,5.31864,5.3539,5.388,1.1260275
2024-03-08,5.31,5.31864,5.3538,5.38807,1.12619359
2024-03-11,5.31,5.31861,5.35345,5.38822,1.12669193
2024-03-12,5.31,5.31864,5.35345,5.38828,1.12685812
2024-03-13,5.31,5.31864,5.35345,5.38834,1.12702433
2024-03-14,5.31,5.31864,5.35345,5.38835,1.12719057
2024-03-15,5.31,5.31864,5.35335,5.38835,1.12735683
2024-03-18,5.31,5.31931,5.353,5.38834,1.12785568
2024-03-19,5.31,5.3196900000000005,5.353,5.38839,1.12802204
2024-03-20,5.31,5.32005,5.353,5.38845,1.12818842
2024-03-21,5.31,5.32039,5.353,5.38852,1.12835483
2024-03-22,5.31,5.32072,5.35291,5.38858,1.12852126
2024-03-25,5.31,5.32137,5.35257,5.3886199999999995,1.12902063
2024-03-26,5.32,5.32139,5.352119999999999,5.38857,1.12918717
2024-03-27,5.33,5.3217300000000005,5.35134,5.3886199999999995,1.12935403
2024-03-28,5.34,5.3224,5.35055,5.38875,1.12952124
2024-04-01,5.35,5.32597,5.34875,5.38924,1.13019142
2024-04-02,5.34,5.32734,5.34818,5.38941,1.13035938
2024-04-03,5.32,5.32834,5.34762,5.38952,1.13052705
2024-04-04,5.32,5.32868,5.34762,5.38959,1.13069412
2024-04-05,5.32,5.32901,5.34775,5.38966,1.13086121
2024-04-08,5.31,5.3299900000000004,5.34807,5.389819999999999,1.13136256
2024-04-09,5.31,5.330019999999999,5.34807,5.389819999999999,1.13152944
2024-04-10,5.31,5.330019999999999,5.34807,5.389819999999999,1.13169634
2024-04-11,5.31,5.330019999999999,5.34807,5.38983,1.13186326
2024-04-12,5.31,5.330019999999999,5.3481,5.38983,1.13203021
2024-04-15,5.32,5.3299900000000004,5.3481,5.389819999999999,1.13253113
2024-04-16,5.31,5.33035,5.3481,5.3899300000000006,1.1326985
2024-04-17,5.31,5.33035,5.347980000000001,5.38999,1.13286557
2024-04-18,5.3,5.33035,5.347980000000001,5.39006,1.13303267
2024-04-19,5.31,5.330019999999999,5.3478900000000005,5.39006,1.13319948
2024-04-22,5.31,5.3299900000000004,5.3478699999999995,5.390219999999999,1.13370092
2024-04-23,5.31,5.330019999999999,5.3478699999999995,5.390280000000001,1.13386814
2024-04-24,5.31,5.330019999999999,5.3478699999999995,5.390280000000001,1.13403538
2024-04-25,5.31,5.330019999999999,5.34776,5.39029,1.13420265
2024-04-26,5.32,5.329680000000001,5.347659999999999,5.39029,1.13436995
2024-04-29,5.32,5.32806,5.34776,5.390219999999999,1.13487285
2024-04-30,5.34,5.32742,5.3478699999999995,5.390219999999999,1.13504056
2024-05-01,5.32,5.32742,5.3481,5.390280000000001,1.13520893
2024-05-02,5.31,5.32641,5.3481,5.39029,1.13537668
2024-05-03,5.31,5.32541,5.348,5.39023,1.13554415
2024-05-06,5.31,5.324380000000001,5.34776,5.39005,1.13604663
2024-05-07,5.31,5.32407,5.34776,5.38999,1.1362142
2024-05-08,5.31,5.32374,5.34776,5.3899300000000006,1.13638179
2024-05-09,5.31,5.32374,5.34776,5.38989,1.13654941
2024-05-10,5.31,5.32374,5.34778,5.38983,1.13671705
2024-05-13,5.31,5.32371,5.34776,5.38965,1.13722004
2024-05-14,5.31,5.32374,5.34776,5.38959,1.13738778
2024-05-15,5.31,5.32374,5.3478699999999995,5.38954,1.13755555
2024-05-16,5.31,5.3234,5.3478699999999995,5.38949,1.13772334
2024-05-17,5.31,5.3234,5.3480099999999995,5.38943,1.13789115
2024-05-20,5.31,5.32371,5.34835,5.38936,1.13839467
2024-05-21,5.31,5.32374,5.34846,5.3893699999999995,1.13856258
2024-05-22,5.31,5.32374,5.34857,5.3893699999999995,1.13873052
2024-05-23,5.31,5.32374,5.34869,5.38932,1.13889848
2024-05-24,5.32,5.32374,5.3487,5.38927,1.13906647
2024-05-28,5.32,5.324330000000001,5.34911,5.3893,1.13973978
2024-05-29,5.33,5.324330000000001,5.34922,5.38924,1.13990821
2024-05-30,5.33,5.32466,5.34934,5.38891,1.14007698
2024-05-31,5.34,5.324330000000001,5.3495800000000004,5.38857,1.14024578
2024-06-03,5.35,5.326980000000001,5.350569999999999,5.38816,1.14075319
2024-06-04,5.33,5.32834,5.35102,5.388330000000001,1.14092272
2024-06-05,5.33,5.32901,5.35125,5.38839,1.14109164
2024-06-06,5.33,5.329680000000001,5.35147,5.38845,1.14126058
2024-06-07,5.33,5.33035,5.351719999999999,5.38851,1.14142955
2024-06-10,5.32,5.332330000000001,5.35237,5.388730000000001,1.14193654
2024-06-11,5.32,5.33269,5.35249,5.38879,1.14210529
2024-06-12,5.31,5.33303,5.3526,5.38884,1.14227407
2024-06-13,5.31,5.33303,5.3526,5.38879,1.14244255
2024-06-14,5.31,5.33303,5.35262,5.38874,1.14261106
2024-06-17,5.33,5.333,5.3526,5.38861,1.14311667
2024-06-18,5.33,5.3337,5.3528199999999995,5.388730000000001,1.14328591
2024-06-20,5.32,5.33501,5.353269999999999,5.38891,1.14362445
2024-06-21,5.31,5.33535,5.3534,5.38892,1.14379345
2024-06-24,5.31,5.33501,5.3533800000000005,5.38857,1.14429958
2024-06-25,5.33,5.33473,5.353269999999999,5.38811,1.14446837
2024-06-26,5.34,5.33509,5.353269999999999,5.38771,1.14463781
2024-06-27,5.34,5.33576,5.35329,5.3875,1.1448076
2024-06-28,5.33,5.33643,5.35331,5.3872800000000005,1.14497741
2024-07-01,5.4,5.336069999999999,5.3528400000000005,5.3863,1.14548597
2024-07-02,5.35,5.3381,5.35352,5.38636,1.1456578
2024-07-03,5.33,5.33844,5.35386,5.3865300000000005,1.14582805
2024-07-05,5.32,5.33774,5.35409,5.38676,1.14616735
2024-07-08,5.32,5.33671,5.35419,5.38692,1.14667548
2024-07-09,5.34,5.3364,5.3543,5.38698,1.14684493
2024-07-10,5.34,5.33674,5.35464,5.38715,1.14701505
2024-07-11,5.34,5.33741,5.35497,5.38733,1.14718519
2024-07-12,5.34,5.338080000000001,5.35533,5.38751,1.14735536
2024-07-15,5.34,5.34106,5.35621,5.38796,1.14786593
2024-07-16,5.35,5.34209,5.35655,5.38808,1.1480362
2024-07-17,5.35,5.343430000000001,5.357,5.3883,1.14820681
2024-07-18,5.34,5.3441,5.357559999999999,5.38854,1.14837744
2024-07-19,5.34,5.34446,5.35792,5.388719999999999,1.14854779
2024-07-22,5.33,5.34644,5.35891,5.38922,1.14905889
2024-07-23,5.34,5.3471400000000004,5.35914,5.38933,1.14922901
2024-07-24,5.34,5.34814,5.3594800000000005,5.3894400000000005,1.14939948
2024-07-25,5.35,5.34915,5.3598099999999995,5.38957,1.14956998
2024-07-26,5.35,5.349819999999999,5.36017,5.38974,1.14974082
2024-07-29,5.33,5.35113,5.36116,5.39036,1.15025341
2024-07-30,5.33,5.35116,5.36105,5.39041,1.15042371
2024-07-31,5.38,5.35116,5.36116,5.39047,1.15059404
2024-08-01,5.35,5.35049,5.36195,5.39082,1.15076599
2024-08-02,5.35,5.35049,5.362419999999999,5.391,1.150937
2024-08-05,5.32,5.35283,5.36375,5.39161,1.15145013
2024-08-06,5.33,5.35286,5.3638699999999995,5.3916699999999995,1.15162029
2024-08-07,5.33,5.353190000000001,5.36409,5.391780000000001,1.15179079
2024-08-08,5.34,5.35353,5.364319999999999,5.39191,1.15196132
2024-08-09,5.34,5.35353,5.364669999999999,5.39208,1.15213219
2024-08-12,5.34,5.3535,5.36567,5.392580000000001,1.15264489
2024-08-13,5.34,5.35353,5.366,5.39281,1.15281587
2024-08-14,5.33,5.35353,5.36634,5.3929800000000006,1.15298687
2024-08-15,5.35,5.353190000000001,5.366569999999999,5.39317,1.15315758
2024-08-16,5.32,5.353190000000001,5.36704,5.39346,1.15332895
2024-08-19,5.32,5.35082,5.36736,5.39379,1.15384026
2024-08-20,5.32,5.35018,5.36747,5.39391,1.15401077
2024-08-21,5.31,5.3495099999999995,5.36758,5.394019999999999,1.15418131
2024-08-22,5.31,5.34884,5.36758,5.39403,1.15435155
2024-08-23,5.33,5.34784,5.36749,5.39403,1.15452182
2024-08-26,5.34,5.34614,5.3678300000000005,5.39436,1.15503462
2024-08-27,5.35,5.34583,5.36806,5.3945300000000005,1.15520595
2024-08-28,5.35,5.34583,5.36828,5.39471,1.15537762
2024-08-29,5.33,5.3465,5.36851,5.39494,1.15554932
2024-08-30,5.32,5.3465,5.36841,5.39506,1.15572041
2024-09-03,5.34,5.3414,5.36747,5.3952599999999995,1.15640357
2024-09-04,5.35,5.34106,5.36758,5.39543,1.1565751
2024-09-05,5.35,5.34207,5.3678099999999995,5.39567,1.15674698
2024-09-06,5.34,5.34274,5.36805,5.3959,1.15691889
2024-09-09,5.34,5.34304,5.36848,5.3964,1.15743372
2024-09-10,5.33,5.34307,5.36871,5.39657,1.1576054
2024-09-11,5.32,5.34274,5.368930000000001,5.39669,1.15777679
2024-09-12,5.33,5.34207,5.36904,5.39675,1.15794789
2024-09-13,5.33,5.34173,5.36929,5.39687,1.15811933
2024-09-16,5.38,5.3413699999999995,5.36972,5.3972,1.15863372
2024-09-17,5.38,5.3434099999999995,5.37029,5.3976,1.15880688
2024-09-18,5.33,5.34541,5.37085,5.398,1.15898005
2024-09-19,4.82,5.34575,5.37097,5.39812,1.15915165
2024-09-20,4.83,5.32901,5.365469999999999,5.39533,1.15930684
2024-09-23,4.83,5.28012,5.34924,5.38705,1.15977346
2024-09-24,4.84,5.2634099999999995,5.34361,5.3842,1.15992907
2024-09-25,4.84,5.2470099999999995,5.33798,5.38136,1.16008501
2024-09-26,4.83,5.23027,5.3323599999999995,5.37852,1.16024098
2024-09-27,4.84,5.21287,5.32675,5.37561,1.16039665
2024-09-30,4.96,5.16334,5.3094,5.36699,1.16086467
2024-10-01,5.05,5.15134,5.30501,5.36493,1.16102461
2024-10-02,4.92,5.14233,5.30186,5.36339,1.16118748
2024-10-03,4.85,5.12894,5.29725,5.36112,1.16134618
2024-10-04,4.83,5.11254,5.29197,5.35844,1.16150264
2024-10-07,4.83,5.06065,5.27541,5.35016,1.16197014
2024-10-08,4.84,5.04361,5.26967,5.34743,1.16212604
2024-10-09,4.83,5.02688,5.26405,5.34475,1.16228228
2024-10-10,4.82,5.00981,5.25831,5.34202,1.16243822
2024-10-11,4.81,4.99274,5.25247,5.339230000000001,1.16259386
2024-10-15,4.86,4.92341,5.22846,5.32774,1.1632152
2024-10-16,4.86,4.90768,5.22295,5.32523,1.16337223
2024-10-17,4.85,4.890280000000001,5.21755,5.32268,1.16352929
2024-10-18,4.84,4.87255,5.21205,5.32006,1.16368604
2024-10-21,4.82,4.857130000000001,5.19527,5.31201,1.16415539
2024-10-22,4.83,4.85682,5.18942,5.30921,1.16431126
2024-10-23,4.83,4.85682,5.183680000000001,5.30647,1.16446747
2024-10-24,4.83,4.85682,5.17782,5.3036900000000005,1.16462371
2024-10-25,4.83,4.85648,5.17199,5.3009,1.16477996
2024-10-28,4.82,4.85579,5.15465,5.29239,1.16524878
2024-10-29,4.82,4.85515,5.14891,5.289540000000001,1.1654048
2024-10-30,4.81,4.854480000000001,5.1426099999999995,5.28675,1.16556083
2024-10-31,4.9,4.84946,5.1365300000000005,5.28391,1.16571656
2024-11-01,4.86,4.8444400000000005,5.13149,5.281569999999999,1.16587523
2024-11-04,4.82,4.84375,5.11527,5.27387,1.16634741
2024-11-05,4.82,4.843430000000001,5.10953,5.27107,1.16650357
2024-11-06,4.81,4.8431,5.10379,5.26828,1.16665975
2024-11-07,4.82,4.84243,5.09783,5.26544,1.16681563
2024-11-08,4.6,4.84176,5.092,5.26265,1.16697186
2024-11-12,4.6,4.81264,5.058669999999999,5.24644,1.16756831
2024-11-13,4.59,4.805630000000001,5.05045,5.24239,1.1677175
2024-11-14,4.58,4.79827,5.0419,5.23829,1.16786638
2024-11-15,4.57,4.7889,5.0336,5.23414,1.16801496
2024-11-18,4.57,4.7607800000000005,5.00828,5.22147,1.16845978
2024-11-19,4.57,4.75176,4.99984,5.21726,1.16860811
2024-11-20,4.56,4.74273,4.9915199999999995,5.21304,1.16875646
2024-11-21,4.57,4.734030000000001,4.98308,5.20872,1.1689045
2024-11-22,4.57,4.7253300000000005,4.97455,5.20445,1.16905288
2024-11-25,4.58,4.6992199999999995,4.94878,5.19163,1.1694981
2024-11-26,4.58,4.690869999999999,4.940119999999999,5.18735,1.16964689
2024-11-27,4.57,4.68251,4.9314599999999995,5.18308,1.16979569
2024-11-29,4.59,4.66576,4.9145,5.17431,1.17009269
2024-12-02,4.64,4.63898,4.889880000000001,5.16148,1.17054025
2024-12-03,4.64,4.63164,4.88201,5.15755,1.17069112
2024-12-04,4.59,4.624280000000001,4.87402,5.15362,1.17084201
2024-12-05,4.59,4.61658,4.865480000000001,5.14941,1.17099129
2024-12-06,4.6,4.60889,4.85706,5.1452,1.17114059
2024-12-09,4.63,4.5945,4.83209,5.13282,1.17158953
2024-12-10,4.64,4.59555,4.8242199999999995,5.12895,1.17174021
2024-12-11,4.62,4.5969,4.81657,5.12513,1.17189123
2024-12-12,4.62,4.597569999999999,4.808590000000001,5.12121,1.17204163
2024-12-13,4.6,4.5982400000000005,4.800619999999999,5.11728,1.17219204
2024-12-16,4.65,4.600230000000001,4.77543,5.10492,1.17264138
2024-12-17,4.62,4.602930000000001,4.76722,5.10104,1.17279284
2024-12-18,4.57,4.6046,4.75924,5.09706,1.17294335
2024-12-19,4.3,4.6046,4.75643,5.09285,1.17309225
2024-12-20,4.3,4.59556,4.75049,5.0871,1.17323237
2024-12-23,4.31,4.56879,4.7326,5.069719999999999,1.17365278
2024-12-24,4.31,4.56011,4.72665,5.06385,1.17379329
