DATE,SPGLOBALOIL
2014-05-30,2420.96
2014-06-02,2422.69
2014-06-03,2430.13
2014-06-04,2420.31
2014-06-05,2432.75
2014-06-06,2456.26
2014-06-09,2463.01
2014-06-10,2464.45
2014-06-11,2469.78
2014-06-12,2486.95
2014-06-13,2510.3
2014-06-16,2516.31
2014-06-17,2506.66
2014-06-18,2523.41
2014-06-19,2539.22
2014-06-20,2551.62
2014-06-23,2560.13
2014-06-24,2534.03
2014-06-25,2528.2
2014-06-26,2528.75
2014-06-27,2531.81
2014-06-30,2533.73
2014-07-01,2537.63
2014-07-02,2542.77
2014-07-03,2543.52
2014-07-04,2538.03
2014-07-07,2522.57
2014-07-08,2512.01
2014-07-09,2520.57
2014-07-10,2493.45
2014-07-11,2480.61
2014-07-14,2494.45
2014-07-15,2477.64
2014-07-16,2510.67
2014-07-17,2474.83
2014-07-18,2480.68
2014-07-21,2476.22
2014-07-22,2503.64
2014-07-23,2513.85
2014-07-24,2514.47
2014-07-25,2495.28
2014-07-28,2486.07
2014-07-29,2474.67
2014-07-30,2458.37
2014-07-31,2417.13
2014-08-01,2399.27
2014-08-04,2421.47
2014-08-05,2389.04
2014-08-06,2386.21
2014-08-07,2371.04
2014-08-08,2391.19
2014-08-11,2403.61
2014-08-12,2388.58
2014-08-13,2393
2014-08-14,2389.23
2014-08-15,2400.5
2014-08-18,2412.16
2014-08-19,2430.63
2014-08-20,2434.22
2014-08-21,2439.31
2014-08-22,2422.99
2014-08-25,2444.11
2014-08-26,2457.17
2014-08-27,2460.91
2014-08-28,2451.19
2014-08-29,2461.69
2014-09-01,2464.14
2014-09-02,2444.1
2014-09-03,2463.85
2014-09-04,2437.05
2014-09-05,2444.74
2014-09-08,2411.16
2014-09-09,2396.78
2014-09-10,2386.54
2014-09-11,2380.55
2014-09-12,2352.09
2014-09-15,2352.12
2014-09-16,2374.33
2014-09-17,2372.64
2014-09-18,2365.06
2014-09-19,2353.32
2014-09-22,2322.75
2014-09-23,2311.09
2014-09-24,2316.11
2014-09-25,2278.61
2014-09-26,2295.35
2014-09-29,2280.8
2014-09-30,2264.73
2014-10-01,2226.38
2014-10-02,2200.84
2014-10-03,2195.15
2014-10-06,2208.06
2014-10-07,2185.92
2014-10-08,2183.69
2014-10-09,2138.32
2014-10-10,2092.92
2014-10-13,2073.1
2014-10-14,2043.68
2014-10-15,2030.38
2014-10-16,2044.49
2014-10-17,2078.78
2014-10-20,2074.23
2014-10-21,2120.97
2014-10-22,2094.34
2014-10-23,2114.27
2014-10-24,2109.23
2014-10-27,2074.62
2014-10-28,2113.65
2014-10-29,2123.33
2014-10-30,2114.02
2014-10-31,2140.98
2014-11-03,2108.31
2014-11-04,2059.93
2014-11-05,2084.59
2014-11-06,2090.61
2014-11-07,2111.39
2014-11-10,2108.96
2014-11-11,2103.3
2014-11-12,2095.28
2014-11-13,2059.8
2014-11-14,2069.16
2014-11-17,2062.47
2014-11-18,2069.78
2014-11-19,2073.36
2014-11-20,2096.97
2014-11-21,2133.54
2014-11-24,2122.01
2014-11-25,2096.34
2014-11-26,2075.71
2014-11-27,2039.22
2014-11-28,1927.81
2014-12-01,1915.37
2014-12-02,1936.73
2014-12-03,1953.83
2014-12-04,1931.37
2014-12-05,1906.37
2014-12-08,1837.18
2014-12-09,1837
2014-12-10,1786.84
2014-12-11,1775.54
2014-12-12,1739
2014-12-15,1703.57
2014-12-16,1717.69
2014-12-17,1792.8
2014-12-18,1832.95
2014-12-19,1877.81
2014-12-22,1876.39
2014-12-23,1893.31
2014-12-24,1884.75
2014-12-25,1884.63
2014-12-26,1882.84
2014-12-29,1884.33
2014-12-30,1864.88
2014-12-31,1856.51
2015-01-02,1852.06
2015-01-05,1773.46
2015-01-06,1749.5
2015-01-07,1752.75
2015-01-08,1797.92
2015-01-09,1784.2
2015-01-12,1735.19
2015-01-13,1729.69
2015-01-14,1725.34
2015-01-15,1725.37
2015-01-16,1774.01
2015-01-19,1775.1
2015-01-20,1768.42
2015-01-21,1806.62
2015-01-22,1823.21
2015-01-23,1816.22
2015-01-26,1828.91
2015-01-27,1833.78
2015-01-28,1776.75
2015-01-29,1757.11
2015-01-30,1764.25
2015-02-02,1819.95
2015-02-03,1886.62
2015-02-04,1858.81
2015-02-05,1888.45
2015-02-06,1883.04
2015-02-09,1892.26
2015-02-10,1873.38
2015-02-11,1860.25
2015-02-12,1888.97
2015-02-13,1932.63
2015-02-16,1927.83
2015-02-17,1929.37
2015-02-18,1922.14
2015-02-19,1898.94
2015-02-20,1894.13
2015-02-23,1879.45
2015-02-24,1886.98
2015-02-25,1893.79
2015-02-26,1872.16
2015-02-27,1870.91
2015-03-02,1855.78
2015-03-03,1859.65
2015-03-04,1847.47
2015-03-05,1843.08
2015-03-06,1813.25
2015-03-09,1796.91
2015-03-10,1754.61
2015-03-11,1749.9
2015-03-12,1749.3
2015-03-13,1723.64
2015-03-16,1731.69
2015-03-17,1736.96
2015-03-18,1777.86
2015-03-19,1764.68
2015-03-20,1799.88
2015-03-23,1801.29
2015-03-24,1796.66
2015-03-25,1810.88
2015-03-26,1806.15
2015-03-27,1791.69
2015-03-30,1812.33
2015-03-31,1798.11
2015-04-01,1810.74
2015-04-02,1825.3
2015-04-03,1825.54
2015-04-06,1853.4
2015-04-07,1873.84
2015-04-08,1873.27
2015-04-09,1896.34
2015-04-10,1906.89
2015-04-13,1900.81
2015-04-14,1930.21
2015-04-15,1973.32
2015-04-16,1983.23
2015-04-17,1969.3
2015-04-20,1972.32
2015-04-21,1954.62
2015-04-22,1958.25
2015-04-23,1978.65
2015-04-24,1977.42
2015-04-27,1985.59
2015-04-28,1990.18
2015-04-29,1996.74
2015-04-30,1991.83
2015-05-01,1991.28
2015-05-04,1989.49
2015-05-05,1986.53
2015-05-06,1984.69
2015-05-07,1946.05
2015-05-08,1972.03
2015-05-11,1950
2015-05-12,1955.05
2015-05-13,1962.48
2015-05-14,1959.2
2015-05-15,1956.93
2015-05-18,1948.25
2015-05-19,1917.52
2015-05-20,1916.57
2015-05-21,1936.78
2015-05-22,1929.3
2015-05-25,1926.6
2015-05-26,1890.45
2015-05-27,1886.62
2015-05-28,1875.33
2015-05-29,1868.25
2015-06-01,1856.53
2015-06-02,1876.18
2015-06-03,1869.01
2015-06-04,1837.44
2015-06-05,1836.57
2015-06-08,1829.03
2015-06-09,1836.4
2015-06-10,1865.9
2015-06-11,1856.7
2015-06-12,1836.22
2015-06-15,1827
2015-06-16,1835.58
2015-06-17,1839.29
2015-06-18,1846.11
2015-06-19,1832.54
2015-06-22,1855.48
2015-06-23,1858.24
2015-06-24,1857.02
2015-06-25,1839.44
2015-06-26,1831.27
2015-06-29,1795.51
2015-06-30,1797.04
2015-07-01,1781.12
2015-07-02,1790.76
2015-07-03,1783.84
2015-07-06,1751.89
2015-07-07,1741.55
2015-07-08,1720.84
2015-07-09,1731.88
2015-07-10,1748.46
2015-07-13,1754.12
2015-07-14,1767.94
2015-07-15,1749.82
2015-07-16,1752.07
2015-07-17,1733.75
2015-07-20,1712.85
2015-07-21,1715.51
2015-07-22,1695.57
2015-07-23,1688.87
2015-07-24,1656.91
2015-07-27,1629.89
2015-07-28,1661.72
2015-07-29,1691.47
2015-07-30,1695.16
2015-07-31,1674.88
2015-08-03,1643.3
2015-08-04,1636.43
2015-08-05,1635.12
2015-08-06,1641.55
2015-08-07,1627.76
2015-08-10,1661.33
2015-08-11,1653.78
2015-08-12,1669.51
2015-08-13,1649.4
2015-08-14,1642.39
2015-08-17,1634.62
2015-08-18,1622.27
2015-08-19,1583.81
2015-08-20,1554.85
2015-08-21,1509.09
2015-08-24,1425.06
2015-08-25,1426.28
2015-08-26,1446.39
2015-08-27,1521.88
2015-08-28,1557.22
2015-08-31,1567.6
2015-09-01,1519.04
2015-09-02,1516.95
2015-09-03,1529.66
2015-09-04,1494.35
2015-09-07,1492.41
2015-09-08,1515.4
2015-09-09,1507.26
2015-09-10,1500.1
2015-09-11,1484.31
2015-09-14,1477.9
2015-09-15,1491.51
2015-09-16,1536.81
2015-09-17,1537.28
2015-09-18,1503.02
2015-09-21,1498.01
2015-09-22,1471.51
2015-09-23,1455.54
2015-09-24,1449.53
2015-09-25,1458.89
2015-09-28,1414.15
2015-09-29,1414.62
2015-09-30,1445.18
2015-10-01,1453.16
2015-10-02,1494.76
2015-10-05,1551.48
2015-10-06,1591.32
2015-10-07,1630.81
2015-10-08,1649.45
2015-10-09,1656.97
2015-10-12,1638.14
2015-10-13,1617.05
2015-10-14,1625.21
2015-10-15,1646.05
2015-10-16,1649.32
2015-10-19,1620.76
2015-10-20,1621.28
2015-10-21,1607.53
2015-10-22,1625.64
2015-10-23,1620.55
2015-10-26,1589.03
2015-10-27,1562.33
2015-10-28,1593.23
2015-10-29,1591.18
2015-10-30,1596.7
2015-11-02,1620.59
2015-11-03,1664.32
2015-11-04,1658.36
2015-11-05,1634.9
2015-11-06,1616.7
2015-11-09,1599.6
2015-11-10,1596.52
2015-11-11,1573.65
2015-11-12,1538.24
2015-11-13,1524.45
2015-11-16,1560.07
2015-11-17,1566.04
2015-11-18,1585.86
2015-11-19,1580.94
2015-11-20,1565.62
2015-11-23,1569.22
2015-11-24,1590.06
2015-11-25,1583.09
2015-11-26,1588.26
2015-11-27,1569.73
2015-11-30,1571.38
2015-12-01,1580.19
2015-12-02,1547.31
2015-12-03,1524.48
2015-12-04,1505.75
2015-12-07,1448.13
2015-12-08,1427.61
2015-12-09,1450.14
2015-12-10,1455.85
2015-12-11,1408.71
2015-12-14,1399.87
2015-12-15,1434.74
2015-12-16,1435.01
2015-12-17,1408.74
2015-12-18,1389.96
2015-12-21,1382.31
2015-12-22,1400
2015-12-23,1458.84
2015-12-24,1457.74
2015-12-25,1457.47
2015-12-28,1437.9
2015-12-29,1440.65
2015-12-30,1418.27
2015-12-31,1419.45
2016-01-04,1408.2
2016-01-05,1409.04
2016-01-06,1365.63
2016-01-07,1328.43
2016-01-08,1312.05
2016-01-11,1287.65
2016-01-12,1282.12
2016-01-13,1272.5
2016-01-14,1309.67
2016-01-15,1270.23
2016-01-18,1260.83
2016-01-19,1250.61
2016-01-20,1203.83
2016-01-21,1240.94
2016-01-22,1307.16
2016-01-25,1266.82
2016-01-26,1301.44
2016-01-27,1306.54
2016-01-28,1345.58
2016-01-29,1377.86
2016-02-01,1354.43
2016-02-02,1302.76
2016-02-03,1336.88
2016-02-04,1368.99
2016-02-05,1348.62
2016-02-08,1331.16
2016-02-09,1299.7
2016-02-10,1289.93
2016-02-11,1268.4
2016-02-12,1307.36
2016-02-15,1318.87
2016-02-16,1327.89
2016-02-17,1369.55
2016-02-18,1363.14
2016-02-19,1347.38
2016-02-22,1384.14
2016-02-23,1347.27
2016-02-24,1340.95
2016-02-25,1350.06
2016-02-26,1367.76
2016-02-29,1366.97
2016-03-01,1392.94
2016-03-02,1420.11
2016-03-03,1449.04
2016-03-04,1473.63
2016-03-07,1499.99
2016-03-08,1453.76
2016-03-09,1470.13
2016-03-10,1461.84
2016-03-11,1494.5
2016-03-14,1482.97
2016-03-15,1471.16
2016-03-16,1491.76
2016-03-17,1536.06
2016-03-18,1535.16
2016-03-21,1525.23
2016-03-22,1524.64
2016-03-23,1488.55
2016-03-24,1484.21
2016-03-25,1484.54
2016-03-28,1485.8
2016-03-29,1481.4
2016-03-30,1509.66
2016-03-31,1505.36
2016-04-01,1475.35
2016-04-04,1469.34
2016-04-05,1446.08
2016-04-06,1469.81
2016-04-07,1465.05
2016-04-08,1503.1
2016-04-11,1508.6
2016-04-12,1545.26
2016-04-13,1566.23
2016-04-14,1564.15
2016-04-15,1546.57
2016-04-18,1556.55
2016-04-19,1596.92
2016-04-20,1606.93
2016-04-21,1609.13
2016-04-22,1622.05
2016-04-25,1603.16
2016-04-26,1623.12
2016-04-27,1646.68
2016-04-28,1642.83
2016-04-29,1637.29
2016-05-02,1631.81
2016-05-03,1589.47
2016-05-04,1565.38
2016-05-05,1569.79
2016-05-06,1565.36
2016-05-09,1540.31
2016-05-10,1564.06
2016-05-11,1571.58
2016-05-12,1576.7
2016-05-13,1556.05
2016-05-16,1580.18
2016-05-17,1584.52
2016-05-18,1573.35
2016-05-19,1552.04
2016-05-20,1561.52
2016-05-23,1549.78
2016-05-24,1559.38
2016-05-25,1588.93
2016-05-26,1588.6
2016-05-27,1586.02
2016-05-30,1584.48
2016-05-31,1573.03
2016-06-01,1568.81
2016-06-02,1565.7
2016-06-03,1573.98
2016-06-06,1604.63
2016-06-07,1641.77
2016-06-08,1648.21
2016-06-09,1633.5
2016-06-10,1598.99
2016-06-13,1587.6
2016-06-14,1568.25
2016-06-15,1568.07
2016-06-16,1552.62
2016-06-17,1581.8
2016-06-20,1612.97
2016-06-21,1623.61
2016-06-22,1620.07
2016-06-23,1649.6
2016-06-24,1574.37
2016-06-27,1532.32
2016-06-28,1568.92
2016-06-29,1613.73
2016-06-30,1628.45
2016-07-01,1640.67
2016-07-04,1644.4
2016-07-05,1614.24
2016-07-06,1605.34
2016-07-07,1604.07
2016-07-08,1615.97
2016-07-11,1624.88
2016-07-12,1659.82
2016-07-13,1651.69
2016-07-14,1662.45
2016-07-15,1659.2
2016-07-18,1656.71
2016-07-19,1647.17
2016-07-20,1644.21
2016-07-21,1636.78
2016-07-22,1632.65
2016-07-25,1601.97
2016-07-26,1603.99
2016-07-27,1591.8
2016-07-28,1586.31
2016-07-29,1597.63
2016-08-01,1561.9
2016-08-02,1558.94
2016-08-03,1574.55
2016-08-04,1583.49
2016-08-05,1594.71
2016-08-08,1615.64
2016-08-09,1615.54
2016-08-10,1601.75
2016-08-11,1619.09
2016-08-12,1628.96
2016-08-15,1641.96
2016-08-16,1646.92
2016-08-17,1648.78
2016-08-18,1673.62
2016-08-19,1660.44
2016-08-22,1645.03
2016-08-23,1650.82
2016-08-24,1642.7
2016-08-25,1637.25
2016-08-26,1641.52
2016-08-29,1639.31
2016-08-30,1636.7
2016-08-31,1613.86
2016-09-01,1608.77
2016-09-02,1632.31
2016-09-05,1640.1
2016-09-06,1657.78
2016-09-07,1665.85
2016-09-08,1687.03
2016-09-09,1644.09
2016-09-12,1645.97
2016-09-13,1601.06
2016-09-14,1588.23
2016-09-15,1599.89
2016-09-16,1584.32
2016-09-19,1591.3
2016-09-20,1576.97
2016-09-21,1601.87
2016-09-22,1623.58
2016-09-23,1603.62
2016-09-26,1592.83
2016-09-27,1576.97
2016-09-28,1622.2
2016-09-29,1651.75
2016-09-30,1661.18
2016-10-03,1664.27
2016-10-04,1658.93
2016-10-05,1678.73
2016-10-06,1683.27
2016-10-07,1680.03
2016-10-10,1704.41
2016-10-11,1686.99
2016-10-12,1678.68
2016-10-13,1669.26
2016-10-14,1670.78
2016-10-17,1659.88
2016-10-18,1671.08
2016-10-19,1690
2016-10-20,1686.68
2016-10-21,1680.83
2016-10-24,1677.93
2016-10-25,1670.16
2016-10-26,1665.44
2016-10-27,1664.52
2016-10-28,1656.07
2016-10-31,1637.02
2016-11-01,1638.41
2016-11-02,1614.27
2016-11-03,1614.05
2016-11-04,1605.78
2016-11-07,1633.29
2016-11-08,1637.65
2016-11-09,1651.48
2016-11-10,1650.76
2016-11-11,1617.27
2016-11-14,1611.76
2016-11-15,1655.31
2016-11-16,1647.68
2016-11-17,1647.57
2016-11-18,1645.01
2016-11-21,1686.41
2016-11-22,1690.61
2016-11-23,1691.67
2016-11-24,1693.74
2016-11-25,1683.67
2016-11-28,1664.77
2016-11-29,1643.87
2016-11-30,1714.99
2016-12-01,1734.85
2016-12-02,1735.7
2016-12-05,1748.8
2016-12-06,1749.44
2016-12-07,1761.06
2016-12-08,1768.94
2016-12-09,1773.82
2016-12-12,1796.42
2016-12-13,1818.51
2016-12-14,1792.09
2016-12-15,1778.05
2016-12-16,1791.84
2016-12-19,1784.44
2016-12-20,1783.07
2016-12-21,1785.17
2016-12-22,1787.75
2016-12-23,1782.64
2016-12-26,1782.58
2016-12-27,1785.43
2016-12-28,1780.63
2016-12-29,1782.77
2016-12-30,1781.19
2017-01-02,1783
2017-01-03,1803.25
2017-01-04,1804.71
2017-01-05,1809.67
2017-01-06,1805.02
2017-01-09,1781.56
2017-01-10,1774.56
2017-01-11,1782.64
2017-01-12,1788.37
2017-01-13,1787.9
2017-01-16,1780.47
2017-01-17,1791.04
2017-01-18,1786.88
2017-01-19,1767.45
2017-01-20,1777.76
2017-01-23,1761.67
2017-01-24,1781.07
2017-01-25,1789.67
2017-01-26,1785.49
2017-01-27,1776.07
2017-01-30,1744.41
2017-01-31,1743.55
2017-02-01,1736.67
2017-02-02,1744.15
2017-02-03,1760.5
2017-02-06,1741.39
2017-02-07,1717.09
2017-02-08,1713.88
2017-02-09,1727.29
2017-02-10,1741.14
2017-02-13,1744.69
2017-02-14,1744.98
2017-02-15,1739.48
2017-02-16,1726.97
2017-02-17,1711.62
2017-02-20,1711.38
2017-02-21,1725.1
2017-02-22,1701.24
2017-02-23,1709.51
2017-02-24,1688.53
2017-02-27,1694.77
2017-02-28,1687.59
2017-03-01,1710.68
2017-03-02,1698.17
2017-03-03,1697.11
2017-03-06,1701.26
2017-03-07,1691.99
2017-03-08,1656.75
2017-03-09,1648.33
2017-03-10,1656.96
2017-03-13,1660.89
2017-03-14,1639.11
2017-03-15,1665.56
2017-03-16,1676.38
2017-03-17,1676.01
2017-03-20,1672.15
2017-03-21,1666.42
2017-03-22,1662.72
2017-03-23,1661.39
2017-03-24,1656.67
2017-03-27,1652.07
2017-03-28,1672.6
2017-03-29,1689.66
2017-03-30,1694.99
2017-03-31,1688.7
2017-04-03,1684.5
2017-04-04,1697.52
2017-04-05,1699.62
2017-04-06,1706.65
2017-04-07,1703.92
2017-04-10,1709.85
2017-04-11,1708.91
2017-04-12,1704.37
2017-04-13,1682.09
2017-04-14,1681.55
2017-04-17,1687.86
2017-04-18,1666.71
2017-04-19,1646.15
2017-04-20,1646.99
2017-04-21,1640.13
2017-04-24,1659.87
2017-04-25,1673.31
2017-04-26,1669.86
2017-04-27,1647.34
2017-04-28,1650.08
2017-05-01,1647.86
2017-05-02,1644.18
2017-05-03,1643.94
2017-05-04,1619.12
2017-05-05,1645.69
2017-05-08,1655.46
2017-05-09,1648.28
2017-05-10,1666
2017-05-11,1660.46
2017-05-12,1660.54
2017-05-15,1678.43
2017-05-16,1678.96
2017-05-17,1662.72
2017-05-18,1647.09
2017-05-19,1670.37
2017-05-22,1670.74
2017-05-23,1671.15
2017-05-24,1666.49
2017-05-25,1646.54
2017-05-26,1637.96
2017-05-29,1638.2
2017-05-30,1623.85
2017-05-31,1610.78
2017-06-01,1616.66
2017-06-02,1602.83
2017-06-05,1603.02
2017-06-06,1614.45
2017-06-07,1594.11
2017-06-08,1586.42
2017-06-09,1609.38
2017-06-12,1615.38
2017-06-13,1627.67
2017-06-14,1601.54
2017-06-15,1580.55
2017-06-16,1601.01
2017-06-19,1600.05
2017-06-20,1570.07
2017-06-21,1553.56
2017-06-22,1553.32
2017-06-23,1564.78
2017-06-26,1564.43
2017-06-27,1570.17
2017-06-28,1580.25
2017-06-29,1582.64
2017-06-30,1579.32
2017-07-03,1602.02
2017-07-04,1605.19
2017-07-05,1575.89
2017-07-06,1566.1
2017-07-07,1556.11
2017-07-10,1560.92
2017-07-11,1567.29
2017-07-12,1582.21
2017-07-13,1587.75
2017-07-14,1601.83
2017-07-17,1600.84
2017-07-18,1597.12
2017-07-19,1615.04
2017-07-20,1617.45
2017-07-21,1602.45
2017-07-24,1594.87
2017-07-25,1612.19
2017-07-26,1616.26
2017-07-27,1628.19
2017-07-28,1627.88
2017-07-31,1631.23
2017-08-01,1639.37
2017-08-02,1638.45
2017-08-03,1624.64
2017-08-04,1627.17
2017-08-07,1621.83
2017-08-08,1620.08
2017-08-09,1615.76
2017-08-10,1598
2017-08-11,1583.94
2017-08-14,1582.4
2017-08-15,1571.35
2017-08-16,1563.95
2017-08-17,1551.95
2017-08-18,1554.8
2017-08-21,1552.69
2017-08-22,1564.02
2017-08-23,1571.06
2017-08-24,1571.5
2017-08-25,1580.43
2017-08-28,1577.86
2017-08-29,1575.82
2017-08-30,1575.61
2017-08-31,1585.69
2017-09-01,1599.99
2017-09-04,1599.29
2017-09-05,1608.31
2017-09-06,1626.02
2017-09-07,1632.98
2017-09-08,1620.38
2017-09-11,1631.39
2017-09-12,1638.05
2017-09-13,1652.12
2017-09-14,1659.72
2017-09-15,1663.04
2017-09-18,1669.02
2017-09-19,1673.14
2017-09-20,1689.49
2017-09-21,1689.06
2017-09-22,1697.03
2017-09-25,1714.62
2017-09-26,1711.6
2017-09-27,1714.06
2017-09-28,1715.05
2017-09-29,1716.63
2017-10-02,1712.62
2017-10-03,1716.86
2017-10-04,1713.16
2017-10-05,1719.96
2017-10-06,1704.89
2017-10-09,1706.27
2017-10-10,1713.49
2017-10-11,1718.92
2017-10-12,1712.78
2017-10-13,1718.25
2017-10-16,1720.44
2017-10-17,1717.22
2017-10-18,1710.33
2017-10-19,1707.95
2017-10-20,1706.8
2017-10-23,1696.77
2017-10-24,1700.6
2017-10-25,1690.37
2017-10-26,1689.89
2017-10-27,1700.14
2017-10-30,1717.69
2017-10-31,1725.35
2017-11-01,1741.2
2017-11-02,1742.01
2017-11-03,1744.6
2017-11-06,1775
2017-11-07,1781.28
2017-11-08,1778.94
2017-11-09,1780.78
2017-11-10,1771.42
2017-11-13,1757.73
2017-11-14,1728.99
2017-11-15,1706.9
2017-11-16,1701.51
2017-11-17,1706.75
2017-11-20,1703.43
2017-11-21,1712.55
2017-11-22,1725.2
2017-11-23,1728.82
2017-11-24,1733.18
2017-11-27,1715.65
2017-11-28,1722.88
2017-11-29,1723.63
2017-11-30,1737.7
2017-12-01,1751.76
2017-12-04,1754.85
2017-12-05,1749.56
2017-12-06,1728.96
2017-12-07,1728.46
2017-12-08,1736.67
2017-12-11,1751.02
2017-12-12,1757.18
2017-12-13,1751.54
2017-12-14,1747.46
2017-12-15,1740.2
2017-12-18,1756.14
2017-12-19,1752.37
2017-12-20,1768.91
2017-12-21,1797.78
2017-12-22,1801.5
2017-12-25,1801.65
2017-12-26,1812.4
2017-12-27,1816.1
2017-12-28,1820.72
2017-12-29,1819.24
2018-01-02,1847.12
2018-01-03,1869.21
2018-01-04,1891.27
2018-01-05,1893.3
2018-01-08,1898
2018-01-09,1896.35
2018-01-10,1899.73
2018-01-11,1925.17
2018-01-12,1943.71
2018-01-15,1949.32
2018-01-16,1930.96
2018-01-17,1939.28
2018-01-18,1930.99
2018-01-19,1925.55
2018-01-22,1956.07
2018-01-23,1958.85
2018-01-24,1969.47
2018-01-25,1966.65
2018-01-26,1965.86
2018-01-29,1942.21
2018-01-30,1903.88
2018-01-31,1903.44
2018-02-01,1917.1
2018-02-02,1861.86
2018-02-05,1804.28
2018-02-06,1789.14
2018-02-07,1780.79
2018-02-08,1733.29
2018-02-09,1714.37
2018-02-12,1738.61
2018-02-13,1736.59
2018-02-14,1757.01
2018-02-15,1762.47
2018-02-16,1766.46
2018-02-19,1764.69
2018-02-20,1761.48
2018-02-21,1749.27
2018-02-22,1758.89
2018-02-23,1786.19
2018-02-26,1800.56
2018-02-27,1782.45
2018-02-28,1746.41
2018-03-01,1735.58
2018-03-02,1730.9
2018-03-05,1748.47
2018-03-06,1759.43
2018-03-07,1743.09
2018-03-08,1742.45
2018-03-09,1766.48
2018-03-12,1770.36
2018-03-13,1763.54
2018-03-14,1751.29
2018-03-15,1740.85
2018-03-16,1756.64
2018-03-19,1732.54
2018-03-20,1746.24
2018-03-21,1785.22
2018-03-22,1758.49
2018-03-23,1751.73
2018-03-26,1771.99
2018-03-27,1768.08
2018-03-28,1742.42
2018-03-29,1769.17
2018-03-30,1769.58
2018-04-02,1748.45
2018-04-03,1766.55
2018-04-04,1768.18
2018-04-05,1805.06
2018-04-06,1787.94
2018-04-09,1777.48
2018-04-10,1822.25
2018-04-11,1845.16
2018-04-12,1849.18
2018-04-13,1856.88
2018-04-16,1861.56
2018-04-17,1872.5
2018-04-18,1907.65
2018-04-19,1916.68
2018-04-20,1901.33
2018-04-23,1906
2018-04-24,1901.53
2018-04-25,1895.87
2018-04-26,1919.46
2018-04-27,1914.74
2018-04-30,1916.67
2018-05-01,1904.37
2018-05-02,1910.29
2018-05-03,1900.17
2018-05-04,1913.53
2018-05-07,1922.88
2018-05-08,1918.76
2018-05-09,1962.87
2018-05-10,1976.85
2018-05-11,1986.06
2018-05-14,2002.26
2018-05-15,1997.38
2018-05-16,1997.78
2018-05-17,2018
2018-05-18,2010.37
2018-05-21,2022.28
2018-05-22,2007.68
2018-05-23,1977.65
2018-05-24,1949.23
2018-05-25,1901.84
2018-05-28,1896.14
2018-05-29,1891.96
2018-05-30,1936.33
2018-05-31,1933.35
2018-06-01,1940.87
2018-06-04,1933.3
2018-06-05,1921.21
2018-06-06,1931.89
2018-06-07,1958.15
2018-06-08,1944.78
2018-06-11,1955.8
2018-06-12,1943.13
2018-06-13,1930.83
2018-06-14,1929.19
2018-06-15,1890.12
2018-06-18,1901.81
2018-06-19,1889.62
2018-06-20,1899.48
2018-06-21,1872.35
2018-06-22,1913.2
2018-06-25,1881.15
2018-06-26,1899.36
2018-06-27,1928.84
2018-06-28,1926.72
2018-06-29,1943.67
2018-07-02,1919.83
2018-07-03,1931.6
2018-07-04,1931.88
2018-07-05,1936.79
2018-07-06,1949.02
2018-07-09,1975.47
2018-07-10,1992.01
2018-07-11,1954.12
2018-07-12,1950.9
2018-07-13,1957.18
2018-07-16,1937.01
2018-07-17,1926.25
2018-07-18,1919.84
2018-07-19,1922.43
2018-07-20,1923.16
2018-07-23,1920.62
2018-07-24,1937.09
2018-07-25,1949.16
2018-07-26,1959.9
2018-07-27,1960.69
2018-07-30,1977.61
2018-07-31,1983.34
2018-08-01,1964.53
2018-08-02,1945.92
2018-08-03,1943.83
2018-08-06,1948.57
2018-08-07,1967.55
2018-08-08,1952.58
2018-08-09,1935.67
2018-08-10,1921.95
2018-08-13,1905.58
2018-08-14,1909.54
2018-08-15,1850.73
2018-08-16,1860.14
2018-08-17,1863.99
2018-08-20,1878.2
2018-08-21,1889.59
2018-08-22,1912.58
2018-08-23,1905.19
2018-08-24,1923.59
2018-08-27,1939.36
2018-08-28,1935.77
2018-08-29,1944.32
2018-08-30,1938.54
2018-08-31,1921.27
2018-09-03,1921.32
2018-09-04,1908.59
2018-09-05,1898.34
2018-09-06,1871.9
2018-09-07,1869.24
2018-09-10,1868.29
2018-09-11,1888.26
2018-09-12,1909.11
2018-09-13,1909.54
2018-09-14,1916.37
2018-09-17,1919.65
2018-09-18,1938.69
2018-09-19,1946.79
2018-09-20,1948.94
2018-09-21,1958.74
2018-09-24,1986.56
2018-09-25,2004.3
2018-09-26,1993.76
2018-09-27,2001.93
2018-09-28,2002.85
2018-10-01,2024.66
2018-10-02,2023.34
2018-10-03,2042.21
2018-10-04,2025.52
2018-10-05,2015.32
2018-10-08,2002.01
2018-10-09,2019.05
2018-10-10,1971.1
2018-10-11,1911.64
2018-10-12,1921.57
2018-10-15,1919.55
2018-10-16,1939.57
2018-10-17,1924.19
2018-10-18,1902.17
2018-10-19,1896.52
2018-10-22,1878.58
2018-10-23,1832.03
2018-10-24,1786.67
2018-10-25,1795.92
2018-10-26,1785.1
2018-10-29,1766.55
2018-10-30,1786.81
2018-10-31,1810.64
2018-11-01,1809.94
2018-11-02,1802.44
2018-11-05,1829.46
2018-11-06,1833.67
2018-11-07,1856.15
2018-11-08,1829.4
2018-11-09,1804.54
2018-11-12,1777.98
2018-11-13,1738
2018-11-14,1732.95
2018-11-15,1753.84
2018-11-16,1766.21
2018-11-19,1763.86
2018-11-20,1716.19
2018-11-21,1736.74
2018-11-22,1735.15
2018-11-23,1682.02
2018-11-26,1700.03
2018-11-27,1694.98
2018-11-28,1711.97
2018-11-29,1728.03
2018-11-30,1723.68
2018-12-03,1770.35
2018-12-04,1739.83
2018-12-05,1732.82
2018-12-06,1687.02
2018-12-07,1696.43
2018-12-10,1663.84
2018-12-11,1661.47
2018-12-12,1674.41
2018-12-13,1675.8
2018-12-14,1647.18
2018-12-17,1623.24
2018-12-18,1586.66
2018-12-19,1577.85
2018-12-20,1541.6
2018-12-21,1528.66
2018-12-24,1493.07
2018-12-25,1491.83
2018-12-26,1536.4
2018-12-27,1540.59
2018-12-28,1548.6
2018-12-31,1555.14
2019-01-02,1573.97
2019-01-03,1571.16
2019-01-04,1624.34
2019-01-07,1642.43
2019-01-08,1651.88
2019-01-09,1677.65
2019-01-10,1684.37
2019-01-11,1673.97
2019-01-14,1670.23
2019-01-15,1678.39
2019-01-16,1673.91
2019-01-17,1680.75
2019-01-18,1709.61
2019-01-21,1709.55
2019-01-22,1678.04
2019-01-23,1664.66
2019-01-24,1674.44
2019-01-25,1694.77
2019-01-28,1676.55
2019-01-29,1685.45
2019-01-30,1705.46
2019-01-31,1723.57
2019-02-01,1736.46
2019-02-04,1742.18
2019-02-05,1753.84
2019-02-06,1743.61
2019-02-07,1710.74
2019-02-08,1697.35
2019-02-11,1699.97
2019-02-12,1718.57
2019-02-13,1731.14
2019-02-14,1726.09
2019-02-15,1752.53
2019-02-18,1758.29
2019-02-19,1762.96
2019-02-20,1773.39
2019-02-21,1757.25
2019-02-22,1761.02
2019-02-25,1758.23
2019-02-26,1755.75
2019-02-27,1763.98
2019-02-28,1747.68
2019-03-01,1760.75
2019-03-04,1761.25
2019-03-05,1758.93
2019-03-06,1749
2019-03-07,1738.55
2019-03-08,1707.36
2019-03-11,1728.49
2019-03-12,1739.31
2019-03-13,1760.41
2019-03-14,1766.37
2019-03-15,1768.04
2019-03-18,1792.4
2019-03-19,1792.56
2019-03-20,1798.53
2019-03-21,1808.73
2019-03-22,1769.51
2019-03-25,1760.28
2019-03-26,1776.38
2019-03-27,1762.3
2019-03-28,1764.27
2019-03-29,1767.05
2019-04-01,1789.38
2019-04-02,1782.75
2019-04-03,1777.57
2019-04-04,1777.66
2019-04-05,1800.39
2019-04-08,1818.15
2019-04-09,1804.04
2019-04-10,1813.44
2019-04-11,1806.16
2019-04-12,1808.43
2019-04-15,1802.38
2019-04-16,1807.06
2019-04-17,1811.17
2019-04-18,1803.7
2019-04-19,1803.55
2019-04-22,1823.94
2019-04-23,1837.72
2019-04-24,1804.54
2019-04-25,1795.44
2019-04-26,1776.39
2019-04-29,1770.29
2019-04-30,1769.72
2019-05-01,1748.53
2019-05-02,1722.04
2019-05-03,1731.63
2019-05-06,1723.83
2019-05-07,1704.2
2019-05-08,1708.3
2019-05-09,1697.76
2019-05-10,1703.43
2019-05-13,1688.07
2019-05-14,1706.32
2019-05-15,1713.63
2019-05-16,1727.16
2019-05-17,1716.7
2019-05-20,1718
2019-05-21,1735.72
2019-05-22,1716.84
2019-05-23,1667.41
2019-05-24,1670.82
2019-05-27,1672.27
2019-05-28,1657.58
2019-05-29,1650.68
2019-05-30,1642.13
2019-05-31,1626.31
2019-06-03,1641.44
2019-06-04,1656.2
2019-06-05,1640.45
2019-06-06,1655.83
2019-06-07,1670.09
2019-06-10,1675.94
2019-06-11,1682.14
2019-06-12,1654.07
2019-06-13,1663.46
2019-06-14,1655.25
2019-06-17,1658.65
2019-06-18,1679.94
2019-06-19,1682.95
2019-06-20,1720.09
2019-06-21,1729.25
2019-06-24,1723.08
2019-06-25,1711.31
2019-06-26,1730.17
2019-06-27,1719.75
2019-06-28,1729.6
2019-07-01,1738.1
2019-07-02,1717.28
2019-07-03,1718.29
2019-07-04,1724.39
2019-07-05,1718.88
2019-07-08,1719.3
2019-07-09,1719.29
2019-07-10,1740.94
2019-07-11,1747.3
2019-07-12,1748.81
2019-07-15,1735.96
2019-07-16,1719.6
2019-07-17,1695.16
2019-07-18,1683.07
2019-07-19,1691.11
2019-07-22,1697.3
2019-07-23,1701.9
2019-07-24,1702.42
2019-07-25,1686.41
2019-07-26,1678.35
2019-07-29,1672.4
2019-07-30,1679.85
2019-07-31,1681.01
2019-08-01,1646.75
2019-08-02,1612.95
2019-08-05,1579.46
2019-08-06,1573.71
2019-08-07,1562.28
2019-08-08,1592.73
2019-08-09,1578.87
2019-08-12,1564.46
2019-08-13,1578
2019-08-14,1528.18
2019-08-15,1514.14
2019-08-16,1524.23
2019-08-19,1552.14
2019-08-20,1543.49
2019-08-21,1560.07
2019-08-22,1552.99
2019-08-23,1516.49
2019-08-26,1515.41
2019-08-27,1508.42
2019-08-28,1527.12
2019-08-29,1547.5
2019-08-30,1551.95
2019-09-02,1551.77
2019-09-03,1541.05
2019-09-04,1565.08
2019-09-05,1588.74
2019-09-06,1591.16
2019-09-09,1613.28
2019-09-10,1633.23
2019-09-11,1634.93
2019-09-12,1622.53
2019-09-13,1631.83
2019-09-16,1689.68
2019-09-17,1672.3
2019-09-18,1666.26
2019-09-19,1662.4
2019-09-20,1666.73
2019-09-23,1663.82
2019-09-24,1643.16
2019-09-25,1636.12
2019-09-26,1627.67
2019-09-27,1629.23
2019-09-30,1615.89
2019-10-01,1593.31
2019-10-02,1555.51
2019-10-03,1560
2019-10-04,1568.36
2019-10-07,1567.91
2019-10-08,1544.24
2019-10-09,1553.83
2019-10-10,1567.52
2019-10-11,1596.47
2019-10-14,1588.7
2019-10-15,1594.79
2019-10-16,1587.08
2019-10-17,1591.39
2019-10-18,1585.89
2019-10-21,1604.22
2019-10-22,1623.95
2019-10-23,1635.09
2019-10-24,1638.71
2019-10-25,1648.51
2019-10-28,1642.09
2019-10-29,1645.61
2019-10-30,1630.05
2019-10-31,1617.49
2019-11-01,1650.47
2019-11-04,1685.79
2019-11-05,1692.94
2019-11-06,1673.61
2019-11-07,1691.52
2019-11-08,1681.89
2019-11-11,1674.79
2019-11-12,1668.89
2019-11-13,1658.23
2019-11-14,1648.79
2019-11-15,1663.86
2019-11-18,1645.74
2019-11-19,1631.65
2019-11-20,1633.75
2019-11-21,1648.36
2019-11-22,1644.35
2019-11-25,1648.77
2019-11-26,1631.47
2019-11-27,1633.75
2019-11-28,1632.77
2019-11-29,1617.58
2019-12-02,1614.64
2019-12-03,1593.3
2019-12-04,1613.75
2019-12-05,1610.57
2019-12-06,1636.57
2019-12-09,1635.42
2019-12-10,1634.67
2019-12-11,1633.31
2019-12-12,1657.49
2019-12-13,1654.2
2019-12-16,1672.02
2019-12-17,1681.15
2019-12-18,1687.22
2019-12-19,1690.42
2019-12-20,1696.39
2019-12-23,1709.87
2019-12-24,1711.73
2019-12-25,1711.63
2019-12-26,1713.89
2019-12-27,1712.96
2019-12-30,1708.05
2019-12-31,1713.88
2020-01-02,1726.81
2020-01-03,1730.68
2020-01-06,1749.69
2020-01-07,1742.31
2020-01-08,1724.28
2020-01-09,1728.04
2020-01-10,1726.09
2020-01-13,1725.72
2020-01-14,1721.1
2020-01-15,1713.31
2020-01-16,1717.42
2020-01-17,1711.03
2020-01-20,1709.58
2020-01-21,1686.51
2020-01-22,1672.32
2020-01-23,1658.89
2020-01-24,1649.52
2020-01-27,1607.7
2020-01-28,1615.95
2020-01-29,1603.68
2020-01-30,1593.93
2020-01-31,1559.8
2020-02-03,1542.28
2020-02-04,1556.89
2020-02-05,1594.03
2020-02-06,1581.68
2020-02-07,1563.99
2020-02-10,1546.66
2020-02-11,1565.7
2020-02-12,1585.75
2020-02-13,1573.08
2020-02-14,1563.23
2020-02-17,1567.29
2020-02-18,1551.99
2020-02-19,1571.73
2020-02-20,1566.89
2020-02-21,1550.67
2020-02-24,1482.55
2020-02-25,1440.82
2020-02-26,1415.2
2020-02-27,1356.13
2020-02-28,1332.51
2020-03-02,1360.75
2020-03-03,1349.31
2020-03-04,1365.43
2020-03-05,1332.4
2020-03-06,1261.75
2020-03-09,1013.95
2020-03-10,1044.37
2020-03-11,1002.28
2020-03-12,862.78
2020-03-13,917.3
2020-03-16,819.09
2020-03-17,814.09
2020-03-18,708.99
2020-03-19,747.4
2020-03-20,773.56
2020-03-23,740.3
2020-03-24,849.82
2020-03-25,896.87
2020-03-26,931.77
2020-03-27,875.53
2020-03-30,887.21
2020-03-31,928.01
2020-04-01,900.94
2020-04-02,962.12
2020-04-03,949.04
2020-04-06,978.68
2020-04-07,995.54
2020-04-08,1021.8
2020-04-09,1031.06
2020-04-10,1030.89
2020-04-13,1027.74
2020-04-14,1015.3
2020-04-15,958.37
2020-04-16,933.17
2020-04-17,990.83
2020-04-20,972.57
2020-04-21,942.66
2020-04-22,977.83
2020-04-23,1008.36
2020-04-24,998.44
2020-04-27,1013.99
2020-04-28,1038.82
2020-04-29,1102.02
2020-04-30,1080.6
2020-05-01,1034.91
2020-05-04,1037.61
2020-05-05,1061.42
2020-05-06,1035.94
2020-05-07,1052.81
2020-05-08,1082.5
2020-05-11,1071.49
2020-05-12,1062.24
2020-05-13,1022.17
2020-05-14,1017.11
2020-05-15,1022.4
2020-05-18,1089.04
2020-05-19,1082.64
2020-05-20,1114.05
2020-05-21,1095.43
2020-05-22,1083.35
2020-05-25,1087.35
2020-05-26,1116.97
2020-05-27,1124.58
2020-05-28,1113.55
2020-05-29,1099.53
2020-06-01,1123.72
2020-06-02,1158.33
2020-06-03,1191.82
2020-06-04,1186.53
2020-06-05,1257.01
2020-06-08,1291.44
2020-06-09,1256.42
2020-06-10,1215.24
2020-06-11,1126.59
2020-06-12,1135.67
2020-06-15,1129.51
2020-06-16,1162.53
2020-06-17,1139.14
2020-06-18,1142.17
2020-06-19,1134.55
2020-06-22,1135.6
2020-06-23,1147.99
2020-06-24,1097.22
2020-06-25,1105.31
2020-06-26,1078.01
2020-06-29,1088.51
2020-06-30,1092.98
2020-07-01,1088.44
2020-07-02,1101.39
2020-07-03,1097.35
2020-07-06,1108.13
2020-07-07,1085.64
2020-07-08,1083.33
2020-07-09,1048.63
2020-07-10,1065.68
2020-07-13,1067.63
2020-07-14,1089.03
2020-07-15,1103.9
2020-07-16,1102.13
2020-07-17,1089.84
2020-07-20,1078.65
2020-07-21,1124.9
2020-07-22,1113.06
2020-07-23,1108.98
2020-07-24,1104.61
2020-07-27,1105.35
2020-07-28,1092.17
2020-07-29,1106.25
2020-07-30,1071.71
2020-07-31,1058.47
2020-08-03,1063.57
2020-08-04,1089.28
2020-08-05,1115.03
2020-08-06,1106.5
2020-08-07,1100.59
2020-08-10,1123.32
2020-08-11,1136
2020-08-12,1147.13
2020-08-13,1133.15
2020-08-14,1132.74
2020-08-17,1127.5
2020-08-18,1118.04
2020-08-19,1112.47
2020-08-20,1087.53
2020-08-21,1077.9
2020-08-24,1104.73
2020-08-25,1095.63
2020-08-26,1082.89
2020-08-27,1078.01
2020-08-28,1089.27
2020-08-31,1076.46
2020-09-01,1073.29
2020-09-02,1064.8
2020-09-03,1055.47
2020-09-04,1048.16
2020-09-07,1053.41
2020-09-08,1020.39
2020-09-09,1032.42
2020-09-10,1022.27
2020-09-11,1021.4
2020-09-14,1022.65
2020-09-15,1025.71
2020-09-16,1044.01
2020-09-17,1038.98
2020-09-18,1028.47
2020-09-21,992.46
2020-09-22,991.69
2020-09-23,965.43
2020-09-24,954.51
2020-09-25,952.28
2020-09-28,964.98
2020-09-29,947.62
2020-09-30,946.86
2020-10-01,930.45
2020-10-02,931.36
2020-10-05,953.06
2020-10-06,952.48
2020-10-07,955.16
2020-10-08,977.45
2020-10-09,975.25
2020-10-12,972.96
2020-10-13,963.67
2020-10-14,965.68
2020-10-15,954.35
2020-10-16,946.13
2020-10-19,941.3
2020-10-20,943.98
2020-10-21,934.62
2020-10-22,948.52
2020-10-23,950.19
2020-10-26,922.91
2020-10-27,909.72
2020-10-28,874.38
2020-10-29,881.18
2020-10-30,884.47
2020-11-02,900.43
2020-11-03,911.64
2020-11-04,920.06
2020-11-05,931.08
2020-11-06,922.97
2020-11-09,1016.8
2020-11-10,1048.89
2020-11-11,1043.9
2020-11-12,1020.84
2020-11-13,1035.27
2020-11-16,1082.85
2020-11-17,1091.8
2020-11-18,1084.11
2020-11-19,1082.16
2020-11-20,1079.57
2020-11-23,1127.45
2020-11-24,1177.71
2020-11-25,1169.06
2020-11-26,1162.71
2020-11-27,1157.29
2020-11-30,1103.62
2020-12-01,1116.13
2020-12-02,1138.71
2020-12-03,1148.81
2020-12-04,1188.82
2020-12-07,1174.35
2020-12-08,1179.02
2020-12-09,1181.54
2020-12-10,1211.31
2020-12-11,1201.78
2020-12-14,1176.22
2020-12-15,1188.86
2020-12-16,1186.53
2020-12-17,1188.75
2020-12-18,1177.91
2020-12-21,1141.2
2020-12-22,1131.3
2020-12-23,1155.23
2020-12-24,1155.54
2020-12-25,1155.61
2020-12-28,1153.44
2020-12-29,1153.71
2020-12-30,1163.24
2020-12-31,1153.43
2021-01-04,1159.29
2021-01-05,1200.1
2021-01-06,1227.35
2021-01-07,1246.02
2021-01-08,1249.11
2021-01-11,1248.68
2021-01-12,1280.31
2021-01-13,1279.55
2021-01-14,1308.41
2021-01-15,1272.2
2021-01-18,1271.8
2021-01-19,1287.77
2021-01-20,1295.16
2021-01-21,1270.1
2021-01-22,1252.33
2021-01-25,1229.82
2021-01-26,1223.39
2021-01-27,1207.33
2021-01-28,1208.71
2021-01-29,1178.38
2021-02-01,1184.57
2021-02-02,1198.25
2021-02-03,1223.95
2021-02-04,1226.73
2021-02-05,1239.12
2021-02-08,1268.56
2021-02-09,1258.77
2021-02-10,1271.35
2021-02-11,1265.88
2021-02-12,1279.2
2021-02-15,1297.88
2021-02-16,1313.43
2021-02-17,1317.28
2021-02-18,1294.65
2021-02-19,1308.61
2021-02-22,1326.54
2021-02-23,1344.27
2021-02-24,1372.74
2021-02-25,1371.34
2021-02-26,1327.69
2021-03-01,1352.96
2021-03-02,1351.34
2021-03-03,1370.43
2021-03-04,1396.84
2021-03-05,1423.36
2021-03-08,1423.45
2021-03-09,1417.01
2021-03-10,1438.88
2021-03-11,1455.31
2021-03-12,1457.99
2021-03-15,1445.85
2021-03-16,1421.05
2021-03-17,1413.96
2021-03-18,1376.38
2021-03-19,1373.74
2021-03-22,1365.86
2021-03-23,1342.37
2021-03-24,1363.51
2021-03-25,1353.3
2021-03-26,1380.51
2021-03-29,1372.65
2021-03-30,1364.82
2021-03-31,1358.09
2021-04-01,1372.56
2021-04-02,1372.54
2021-04-05,1358.85
2021-04-06,1353.18
2021-04-07,1358.63
2021-04-08,1344.13
2021-04-09,1331.76
2021-04-12,1325.69
2021-04-13,1329.42
2021-04-14,1365.82
2021-04-15,1357.04
2021-04-16,1352.51
2021-04-19,1348.06
2021-04-20,1316.33
2021-04-21,1326.71
2021-04-22,1321.79
2021-04-23,1328.57
2021-04-26,1339.03
2021-04-27,1347.56
2021-04-28,1378.34
2021-04-29,1386.1
2021-04-30,1358.13
2021-05-03,1380.34
2021-05-04,1382.91
2021-05-05,1418.61
2021-05-06,1424.37
2021-05-07,1446.26
2021-05-10,1450.41
2021-05-11,1423.16
2021-05-12,1426.88
2021-05-13,1410.01
2021-05-14,1444.69
2021-05-17,1465.22
2021-05-18,1455.78
2021-05-19,1422.55
2021-05-20,1422.34
2021-05-21,1427.33
2021-05-24,1433.72
2021-05-25,1416.06
2021-05-26,1426.25
2021-05-27,1428.33
2021-05-28,1436.71
2021-05-31,1435.4
2021-06-01,1482.91
2021-06-02,1508.94
2021-06-03,1513.27
2021-06-04,1522.84
2021-06-07,1523.31
2021-06-08,1530.47
2021-06-09,1528.2
2021-06-10,1524.65
2021-06-11,1523.35
2021-06-14,1530.06
2021-06-15,1542.3
2021-06-16,1538.19
2021-06-17,1496.3
2021-06-18,1457.34
2021-06-21,1491.88
2021-06-22,1501.86
2021-06-23,1510.62
2021-06-24,1517.38
2021-06-25,1523.88
2021-06-28,1485.16
2021-06-29,1477.55
2021-06-30,1487.65
2021-07-01,1502.6
2021-07-02,1503.1
2021-07-05,1509.72
2021-07-06,1473.13
2021-07-07,1453.2
2021-07-08,1443.21
2021-07-09,1463.39
2021-07-12,1462.56
2021-07-13,1455.79
2021-07-14,1431.98
2021-07-15,1410.93
2021-07-16,1386.02
2021-07-19,1337.3
2021-07-20,1347.46
2021-07-21,1385.68
2021-07-22,1381.48
2021-07-23,1376.36
2021-07-26,1401.16
2021-07-27,1388.02
2021-07-28,1396.89
2021-07-29,1415.27
2021-07-30,1391.99
2021-08-02,1392.92
2021-08-03,1407.96
2021-08-04,1386.73
2021-08-05,1402.13
2021-08-06,1401.77
2021-08-09,1389.13
2021-08-10,1406.12
2021-08-11,1418.06
2021-08-12,1414.61
2021-08-13,1407.34
2021-08-16,1388.87
2021-08-17,1381.13
2021-08-18,1364.2
2021-08-19,1321.31
2021-08-20,1323.13
2021-08-23,1363.86
2021-08-24,1382.34
2021-08-25,1386.56
2021-08-26,1373.99
2021-08-27,1403.59
2021-08-30,1398.07
2021-08-31,1394
2021-09-01,1393.28
2021-09-02,1422.39
2021-09-03,1422.74
2021-09-06,1426.03
2021-09-07,1422.71
2021-09-08,1410.05
2021-09-09,1407.75
2021-09-10,1406.99
2021-09-13,1439.88
2021-09-14,1431.2
2021-09-15,1468.02
2021-09-16,1456.28
2021-09-17,1437.67
2021-09-20,1404.14
2021-09-21,1416.47
2021-09-22,1456.91
2021-09-23,1489.11
2021-09-24,1493.09
2021-09-27,1538.72
2021-09-28,1539.42
2021-09-29,1537.74
2021-09-30,1536.06
2021-10-01,1558.48
2021-10-04,1584.73
2021-10-05,1608.26
2021-10-06,1579.04
2021-10-07,1590.5
2021-10-08,1625.27
2021-10-11,1628.98
2021-10-12,1627.5
2021-10-13,1625.68
2021-10-14,1648.08
2021-10-15,1660.28
2021-10-18,1659.46
2021-10-19,1670.88
2021-10-20,1680.77
2021-10-21,1649.87
2021-10-22,1658.76
2021-10-25,1680.14
2021-10-26,1683.43
2021-10-27,1649.29
2021-10-28,1647.99
2021-10-29,1627.29
2021-11-01,1651.32
2021-11-02,1631.38
2021-11-03,1614.53
2021-11-04,1616.27
2021-11-05,1637.95
2021-11-08,1651.02
2021-11-09,1649.68
2021-11-10,1624.9
2021-11-11,1618.57
2021-11-12,1601.24
2021-11-15,1611.44
2021-11-16,1608.09
2021-11-17,1592.82
2021-11-18,1576.39
2021-11-19,1529.26
2021-11-22,1526.38
2021-11-23,1563.87
2021-11-24,1574.31
2021-11-25,1577.77
2021-11-26,1505.58
2021-11-29,1525.3
2021-11-30,1495.95
2021-12-01,1505.82
2021-12-02,1528.49
2021-12-03,1517.49
2021-12-06,1533.25
2021-12-07,1571.5
2021-12-08,1571.34
2021-12-09,1555.4
2021-12-10,1559.52
2021-12-13,1516.77
2021-12-14,1512.04
2021-12-15,1502.91
2021-12-16,1530.88
2021-12-17,1501.06
2021-12-20,1479.8
2021-12-21,1521.05
2021-12-22,1535.49
2021-12-23,1538.28
2021-12-24,1537.4
2021-12-27,1554.05
2021-12-28,1553.73
2021-12-29,1554
2021-12-30,1544.55
2021-12-31,1552.26
2022-01-03,1573.02
2022-01-04,1617.72
2022-01-05,1617.4
2022-01-06,1630.9
2022-01-07,1654.53
2022-01-10,1648.42
2022-01-11,1690.61
2022-01-12,1716.62
2022-01-13,1705.42
2022-01-14,1726.62
2022-01-17,1728.18
2022-01-18,1718.32
2022-01-19,1720.13
2022-01-20,1707.53
2022-01-21,1669.94
2022-01-24,1634.66
2022-01-25,1680.33
2022-01-26,1698.03
2022-01-27,1715.17
2022-01-28,1707.09
2022-01-31,1717.26
2022-02-01,1761.36
2022-02-02,1764.68
2022-02-03,1753.26
2022-02-04,1776.67
2022-02-07,1789.73
2022-02-08,1763.34
2022-02-09,1784.15
2022-02-10,1781.45
2022-02-11,1806.34
2022-02-14,1771
2022-02-15,1760.33
2022-02-16,1778.85
2022-02-17,1767.74
2022-02-18,1741.56
2022-02-21,1720.49
2022-02-22,1700.91
2022-02-23,1704.8
2022-02-24,1632.75
2022-02-25,1693.53
2022-02-28,1661.79
2022-03-01,1649.41
2022-03-02,1672.78
2022-03-03,1660.43
2022-03-04,1673.96
2022-03-07,1693.03
2022-03-08,1702.34
2022-03-09,1676.17
2022-03-10,1700.06
2022-03-11,1688.58
2022-03-14,1649.72
2022-03-15,1610.97
2022-03-16,1611.63
2022-03-17,1665.46
2022-03-18,1664.02
2022-03-21,1716.8
2022-03-22,1713.08
2022-03-23,1741.08
2022-03-24,1748.51
2022-03-25,1784.36
2022-03-28,1748.04
2022-03-29,1744.86
2022-03-30,1770.69
2022-03-31,1750.79
2022-04-01,1767.91
2022-04-04,1772.89
2022-04-05,1755.98
2022-04-06,1754.1
2022-04-07,1757.45
2022-04-08,1799.99
2022-04-11,1763.02
2022-04-12,1785.14
2022-04-13,1805.86
2022-04-14,1809.25
2022-04-15,1809.3
2022-04-18,1826.53
2022-04-19,1818.91
2022-04-20,1832.85
2022-04-21,1797.71
2022-04-22,1747.97
2022-04-25,1683.56
2022-04-26,1685.95
2022-04-27,1704.97
2022-04-28,1748.53
2022-04-29,1724.29
2022-05-02,1726.09
2022-05-03,1773.05
2022-05-04,1819.07
2022-05-05,1799.12
2022-05-06,1829.35
2022-05-09,1701.26
2022-05-10,1702.84
2022-05-11,1731.83
2022-05-12,1715.35
2022-05-13,1766.98
2022-05-16,1800.68
2022-05-17,1833.38
2022-05-18,1801.01
2022-05-19,1794.39
2022-05-20,1807.12
2022-05-23,1848.5
2022-05-24,1846.63
2022-05-25,1881.94
2022-05-26,1903.75
2022-05-27,1926.73
2022-05-30,1939.24
2022-05-31,1916.83
2022-06-01,1932.47
2022-06-02,1932.1
2022-06-03,1951.23
2022-06-06,1964.94
2022-06-07,2008.32
2022-06-08,2011.68
2022-06-09,1974.6
2022-06-10,1926.02
2022-06-13,1840.68
2022-06-14,1839.5
2022-06-15,1809.72
2022-06-16,1729.15
2022-06-17,1653.51
2022-06-20,1663.53
2022-06-21,1716.54
2022-06-22,1651.02
2022-06-23,1594.81
2022-06-24,1624.38
2022-06-27,1666.99
2022-06-28,1705.18
2022-06-29,1670.42
2022-06-30,1635.65
2022-07-01,1628.81
2022-07-04,1650.26
2022-07-05,1575.04
2022-07-06,1540.35
2022-07-07,1594.08
2022-07-08,1595.52
2022-07-11,1579.62
2022-07-12,1550.51
2022-07-13,1550.69
2022-07-14,1512.3
2022-07-15,1543.1
2022-07-18,1583.36
2022-07-19,1621.63
2022-07-20,1637.82
2022-07-21,1610.08
2022-07-22,1605.39
2022-07-25,1647.49
2022-07-26,1644.04
2022-07-27,1671.06
2022-07-28,1682.27
2022-07-29,1743.9
2022-08-01,1723.81
2022-08-02,1714.31
2022-08-03,1682.77
2022-08-04,1637.21
2022-08-05,1652.03
2022-08-08,1669.28
2022-08-09,1691.64
2022-08-10,1708.65
2022-08-11,1750.64
2022-08-12,1755.35
2022-08-15,1723.03
2022-08-16,1724.95
2022-08-17,1731.73
2022-08-18,1769.18
2022-08-19,1759.86
2022-08-22,1761.3
2022-08-23,1818.9
2022-08-24,1832.96
2022-08-25,1842.84
2022-08-26,1829.55
2022-08-29,1845.54
2022-08-30,1789.62
2022-08-31,1770
2022-09-01,1728.9
2022-09-02,1762.9
2022-09-05,1770.78
2022-09-06,1741.9
2022-09-07,1712.23
2022-09-08,1718.3
2022-09-09,1756.74
2022-09-12,1788.58
2022-09-13,1751.99
2022-09-14,1786.56
2022-09-15,1745.5
2022-09-16,1710.66
2022-09-19,1711.37
2022-09-20,1700.68
2022-09-21,1683.05
2022-09-22,1670.73
2022-09-23,1559.75
2022-09-26,1521.58
2022-09-27,1539.26
2022-09-28,1580.83
2022-09-29,1580.55
2022-09-30,1582.84
2022-10-03,1656.02
2022-10-04,1718.82
2022-10-05,1736.6
2022-10-06,1749.83
2022-10-07,1744.34
2022-10-10,1715.58
2022-10-11,1690.69
2022-10-12,1691.44
2022-10-13,1746.74
2022-10-14,1700.84
2022-10-17,1725.36
2022-10-18,1729.55
2022-10-19,1763.79
2022-10-20,1780.02
2022-10-21,1806.43
2022-10-24,1811.65
2022-10-25,1814.28
2022-10-26,1839.67
2022-10-27,1857.67
2022-10-28,1862.16
2022-10-31,1868.61
2022-11-01,1889.1
2022-11-02,1865.38
2022-11-03,1885.97
2022-11-04,1918.09
2022-11-07,1945.56
2022-11-08,1939.75
2022-11-09,1866.69
2022-11-10,1899.38
2022-11-11,1947.2
2022-11-14,1936.88
2022-11-15,1958.46
2022-11-16,1930.1
2022-11-17,1916.58
2022-11-18,1908.25
2022-11-21,1869.2
2022-11-22,1932.57
2022-11-23,1925.27
2022-11-24,1929.84
2022-11-25,1931.46
2022-11-28,1893.87
2022-11-29,1915.04
2022-11-30,1927.41
2022-12-01,1924.89
2022-12-02,1907.97
2022-12-05,1869.25
2022-12-06,1829.87
2022-12-07,1814.86
2022-12-08,1808.28
2022-12-09,1778.69
2022-12-12,1803.23
2022-12-13,1841.7
2022-12-14,1828.39
2022-12-15,1810
2022-12-16,1781.4
2022-12-19,1786.7
2022-12-20,1809.64
2022-12-21,1841.61
2022-12-22,1810.85
2022-12-23,1849.09
2022-12-26,1849.43
2022-12-27,1862.87
2022-12-28,1830.76
2022-12-29,1843.45
2022-12-30,1845.99
2023-01-02,1851.49
2023-01-03,1792.01
2023-01-04,1779.61
2023-01-05,1795
2023-01-06,1832.61
2023-01-09,1844.31
2023-01-10,1845.39
2023-01-11,1852.59
2023-01-12,1885.67
2023-01-13,1891.46
2023-01-16,1887.27
2023-01-17,1896.38
2023-01-18,1879.83
2023-01-19,1880.81
2023-01-20,1901.02
2023-01-23,1906.47
2023-01-24,1894.56
2023-01-25,1886.14
2023-01-26,1924.57
2023-01-27,1908.9
2023-01-30,1878.65
2023-01-31,1886.33
2023-02-01,1860.06
2023-02-02,1821.72
2023-02-03,1820.4
2023-02-06,1803.19
2023-02-07,1847.84
2023-02-08,1850.36
2023-02-09,1849.06
2023-02-10,1900.26
2023-02-13,1897.04
2023-02-14,1900.04
2023-02-15,1875.27
2023-02-16,1864.84
2023-02-17,1812.1
2023-02-20,1813.44
2023-02-21,1803.19
2023-02-22,1783.86
2023-02-23,1805.59
2023-02-24,1803.26
2023-02-27,1816.38
2023-02-28,1795
2023-03-01,1820.12
2023-03-02,1836.1
2023-03-03,1854.41
2023-03-06,1858.37
2023-03-07,1829.27
2023-03-08,1814.96
2023-03-09,1793.59
2023-03-10,1777.49
2023-03-13,1734.51
2023-03-14,1742.49
2023-03-15,1642.29
2023-03-16,1650.53
2023-03-17,1635.71
2023-03-20,1663.34
2023-03-21,1710.83
2023-03-22,1691.2
2023-03-23,1674.93
2023-03-24,1657.63
2023-03-27,1687.66
2023-03-28,1717.85
2023-03-29,1737.58
2023-03-30,1749.12
2023-03-31,1757.29
2023-04-03,1832.71
2023-04-04,1811.95
2023-04-05,1822.25
2023-04-06,1808.98
2023-04-07,1809.09
2023-04-10,1814.7
2023-04-11,1835.46
2023-04-12,1841.18
2023-04-13,1853.8
2023-04-14,1856.46
2023-04-17,1839.88
2023-04-18,1840.59
2023-04-19,1828.84
2023-04-20,1816.21
2023-04-21,1808.07
2023-04-24,1831.22
2023-04-25,1798.13
2023-04-26,1787.73
2023-04-27,1784.5
2023-04-28,1814.77
2023-05-01,1800.94
2023-05-02,1727.31
2023-05-03,1705.76
2023-05-04,1697.2
2023-05-05,1744.5
2023-05-08,1750.25
2023-05-09,1744.21
2023-05-10,1735.08
2023-05-11,1711.38
2023-05-12,1715.36
2023-05-15,1722.47
2023-05-16,1688.56
2023-05-17,1706.79
2023-05-18,1710.72
2023-05-19,1720.23
2023-05-22,1717.67
2023-05-23,1732.93
2023-05-24,1732.71
2023-05-25,1697.84
2023-05-26,1699.44
2023-05-29,1702.71
2023-05-30,1680.21
2023-05-31,1646.28
2023-06-01,1673.3
2023-06-02,1720.44
2023-06-05,1712.67
2023-06-06,1720.44
2023-06-07,1754.71
2023-06-08,1756
2023-06-09,1752.58
2023-06-12,1731.67
2023-06-13,1747.69
2023-06-14,1740.18
2023-06-15,1755.51
2023-06-16,1757.34
2023-06-19,1754.92
2023-06-20,1723.29
2023-06-21,1742.05
2023-06-22,1717.99
2023-06-23,1695.62
2023-06-26,1720.19
2023-06-27,1719.49
2023-06-28,1727.13
2023-06-29,1740.86
2023-06-30,1755.72
2023-07-03,1769.96
2023-07-04,1772.36
2023-07-05,1756.71
2023-07-06,1717.46
2023-07-07,1748.79
2023-07-10,1761.43
2023-07-11,1793.06
2023-07-12,1816.09
2023-07-13,1818.74
2023-07-14,1779.61
2023-07-17,1776.52
2023-07-18,1796.91
2023-07-19,1804.4
2023-07-20,1819.23
2023-07-21,1825.84
2023-07-24,1851.29
2023-07-25,1852.47
2023-07-26,1850.85
2023-07-27,1835.05
2023-07-28,1839.95
2023-07-31,1871.58
2023-08-01,1856.26
2023-08-02,1826.17
2023-08-03,1841.76
2023-08-04,1856.68
2023-08-07,1857.33
2023-08-08,1855.95
2023-08-09,1886.19
2023-08-10,1892.35
2023-08-11,1903.56
2023-08-14,1887.23
2023-08-15,1857.11
2023-08-16,1847.5
2023-08-17,1860.67
2023-08-18,1868.67
2023-08-21,1865.62
2023-08-22,1856.59
2023-08-23,1850.22
2023-08-24,1837.54
2023-08-25,1847.16
2023-08-28,1863.46
2023-08-29,1872.31
2023-08-30,1886.33
2023-08-31,1880.25
2023-09-01,1913.1
2023-09-04,1913.15
2023-09-05,1919.97
2023-09-06,1916.45
2023-09-07,1913.54
2023-09-08,1929.96
2023-09-11,1919.81
2023-09-12,1945.75
2023-09-13,1935.14
2023-09-14,1961.04
2023-09-15,1945
2023-09-18,1947.52
2023-09-19,1944.12
2023-09-20,1926.97
2023-09-21,1898.32
2023-09-22,1903.74
2023-09-25,1913.81
2023-09-26,1903.76
2023-09-27,1940.05
2023-09-28,1946.46
2023-09-29,1916.62
2023-10-02,1874.81
2023-10-03,1863.57
2023-10-04,1810.07
2023-10-05,1809.62
2023-10-06,1825.02
2023-10-09,1876.54
2023-10-10,1894.95
2023-10-11,1885.19
2023-10-12,1889.16
2023-10-13,1917.74
2023-10-16,1931.58
2023-10-17,1945.48
2023-10-18,1954.88
2023-10-19,1946.62
2023-10-20,1920.46
2023-10-23,1895.93
2023-10-24,1878.1
2023-10-25,1875.61
2023-10-26,1863.59
2023-10-27,1843.87
2023-10-30,1847.65
2023-10-31,1843.35
2023-11-01,1845.8
2023-11-02,1896.1
2023-11-03,1880.39
2023-11-06,1870.58
2023-11-07,1822.07
2023-11-08,1802.41
2023-11-09,1806.71
2023-11-10,1816.73
2023-11-13,1833.73
2023-11-14,1848.54
2023-11-15,1848.99
2023-11-16,1808.33
2023-11-17,1841.68
2023-11-20,1853.1
2023-11-21,1847.17
2023-11-22,1832.42
2023-11-23,1841.9
2023-11-24,1853.94
2023-11-27,1842.43
2023-11-28,1849.45
2023-11-29,1835.53
2023-11-30,1844.12
2023-12-01,1850.23
2023-12-04,1831.24
2023-12-05,1811.59
2023-12-06,1783.69
2023-12-07,1775.78
2023-12-08,1796.21
2023-12-11,1793.45
2023-12-12,1770.22
2023-12-13,1786.88
2023-12-14,1835.63
2023-12-15,1823.74
2023-12-18,1841.46
2023-12-19,1861.03
2023-12-20,1849.8
2023-12-21,1854.45
2023-12-22,1863.71
2023-12-25,1863.73
2023-12-26,1875.77
2023-12-27,1877.27
2023-12-28,1857.72
2023-12-29,1853.08
2024-01-02,1860.46
2024-01-03,1877.02
2024-01-04,1866.84
2024-01-05,1871.37
2024-01-08,1841.93
2024-01-09,1819.82
2024-01-10,1809.54
2024-01-11,1810.65
2024-01-12,1832.46
2024-01-15,1831
2024-01-16,1795.38
2024-01-17,1771.44
2024-01-18,1768.97
2024-01-19,1770.2
2024-01-22,1772.9
2024-01-23,1774.88
2024-01-24,1797.27
2024-01-25,1821.52
2024-01-26,1839.18
2024-01-29,1846.84
2024-01-30,1856.12
2024-01-31,1837.83
2024-02-01,1837.85
2024-02-02,1826.86
2024-02-05,1811.49
2024-02-06,1826.63
2024-02-07,1822.68
2024-02-08,1831.17
2024-02-09,1820.91
2024-02-12,1834.85
2024-02-13,1815.38
2024-02-14,1815.5
2024-02-15,1843.83
2024-02-16,1851.49
2024-02-19,1853.72
2024-02-20,1840.77
2024-02-21,1864.94
2024-02-22,1871.23
2024-02-23,1866.34
2024-02-26,1865.86
2024-02-27,1863.91
2024-02-28,1853.26
2024-02-29,1860.63
2024-03-01,1886.35
2024-03-04,1870.56
2024-03-05,1878.89
2024-03-06,1890.46
2024-03-07,1897.82
2024-03-08,1899.75
2024-03-11,1903.65
2024-03-12,1908.86
2024-03-13,1929.48
2024-03-14,1939.93
2024-03-15,1941.84
2024-03-18,1948.25
2024-03-19,1966.29
2024-03-20,1965.46
2024-03-21,1973.13
2024-03-22,1967.87
2024-03-25,1987.68
2024-03-26,1974.05
2024-03-27,1987.48
2024-03-28,2003.8
2024-03-29,2004.21
2024-04-01,2009.41
2024-04-02,2043.24
2024-04-03,2060.94
2024-04-04,2064.15
2024-04-05,2072.73
2024-04-08,2073.64
2024-04-09,2073.53
2024-04-10,2077.09
2024-04-11,2068.68
2024-04-12,2055.4
2024-04-15,2033.45
2024-04-16,2013.03
2024-04-17,2007.69
2024-04-18,2004.89
2024-04-19,2021.59
2024-04-22,2035.34
2024-04-23,2043.32
2024-04-24,2043.77
2024-04-25,2052.88
2024-04-26,2045.32
2024-04-29,2054.79
2024-04-30,2008.13
2024-05-01,1981.87
2024-05-02,1991.39
2024-05-03,1990.42
2024-05-06,2008.74
2024-05-07,2007.21
2024-05-08,2004.75
2024-05-09,2023.17
2024-05-10,2021.97
2024-05-13,2019.69
2024-05-14,2018.3
2024-05-15,2010.02
2024-05-16,2000.87
2024-05-17,2017.4
2024-05-20,2015.7
2024-05-21,2011.78
2024-05-22,1982.59
2024-05-23,1974.93
2024-05-24,1978.28
2024-05-27,1984.14
2024-05-28,1997.41
2024-05-29,1967.76
2024-05-30,1969.75
2024-05-31,2005.52
2024-06-03,1975.91
2024-06-04,1935.08
2024-06-05,1933.95
2024-06-06,1944.88
2024-06-07,1935.86
2024-06-10,1951.08
2024-06-11,1942.38
2024-06-12,1939.77